X, Y, l, m, n, dip, dip_dir
499997.8827818414, 7486786.997082645, -0.1932393171972617, 0.07033335954972841, 0.9786275005453222, 11.867024333394141, 290.0
499997.8827818414, 7487286.997082645, -0.19324025550568094, 0.07033370106606356, 0.9786272907222897, 11.867082794235273, 290.0
499997.8827818414, 7487786.997082645, -0.1932411825785871, 0.0703340384930064, 0.9786270834106796, 11.867140555065717, 290.0
499997.8827818414, 7488286.997082645, -0.1932420984179248, 0.07033437183126469, 0.9786268786100956, 11.86719761600601, 290.0
499997.8827818414, 7488786.997082645, -0.19324300302566783, 0.07033470108155684, 0.9786266763201326, 11.867253977178919, 290.0
499997.8827818414, 7489286.997082645, -0.19324389640381964, 0.07033502624461205, 0.9786264765403803, 11.867309638708605, 290.0
499997.8827818414, 7489786.997082645, -0.19324477855441288, 0.07033534732117011, 0.9786262792704201, 11.867364600721388, 290.0
499997.8827818414, 7490286.997082645, -0.19324564947950953, 0.07033566431198159, 0.9786260845098269, 11.867418863345321, 290.0
499997.8827818414, 7490786.997082645, -0.193246509181201, 0.07033597721780763, 0.9786258922581683, 11.867472426710293, 290.0
499997.8827818414, 7491286.997082645, -0.1932473576616081, 0.07033628603942019, 0.9786257025150052, 11.867525290947981, 290.0
499997.8827818414, 7491786.997082645, -0.1932481949228808, 0.07033659077760172, 0.9786255152798912, 11.86757745619201, 290.0
499997.8827818414, 7492286.997082645, -0.19324902096719845, 0.07033689143314555, 0.9786253305523729, 11.867628922577708, 290.0
499997.8827818414, 7492786.997082645, -0.19324983579676983, 0.07033718800685551, 0.9786251483319902, 11.86767969024227, 290.0
499997.8827818414, 7493286.997082645, -0.19325063941383278, 0.0703374804995462, 0.9786249686182755, 11.867729759324803, 290.0
499997.8827818414, 7493786.997082645, -0.1932514318206546, 0.07033776891204274, 0.9786247914107546, 11.867779129966124, 290.0
499997.8827818414, 7494286.997082645, -0.19325221301953177, 0.0703380532451811, 0.9786246167089462, 11.867827802308966, 290.0
499997.8827818414, 7494786.997082645, -0.19325298301279004, 0.0703383334998077, 0.9786244445123615, 11.867875776497897, 290.0
499997.8827818414, 7495286.997082645, -0.19325374180278437, 0.07033860967677967, 0.9786242748205056, 11.867923052679188, 290.0
500497.8827818414, 7486786.997082645, -0.19323952377587472, 0.07033343473819458, 0.9786274543506334, 11.867037204171226, 290.0
500497.8827818414, 7487286.997082645, -0.19324046206427753, 0.07033377624724435, 0.9786272445318427, 11.867095663768012, 290.0
500497.8827818414, 7487786.997082645, -0.19324138911708466, 0.07033411366687174, 0.9786270372244961, 11.867153423348839, 290.0
500497.8827818414, 7488286.997082645, -0.1932423049362407, 0.07033444699778452, 0.9786268324281963, 11.867210483034484, 290.0
500497.8827818414, 7488786.997082645, -0.1932432095237195, 0.0703347762407011, 0.9786266301425391, 11.867266842947473, 290.0
500497.8827818414, 7489286.997082645, -0.19324410288152458, 0.07033510139635069, 0.978626430367114, 11.867322503212065, 290.0
500497.8827818414, 7489786.997082645, -0.1932449850116884, 0.07033542246547306, 0.9786262331015021, 11.867377463954654, 290.0
500497.8827818414, 7490286.997082645, -0.1932458559162732, 0.0703357394488188, 0.9786260383452787, 11.86743172530312, 290.0
500497.8827818414, 7490786.997082645, -0.1932467155973701, 0.07033605234714906, 0.9786258460980111, 11.867485287387524, 290.0
500497.8827818414, 7491286.997082645, -0.19324756405710017, 0.07033636116123577, 0.9786256563592604, 11.867538150339442, 290.0
500497.8827818414, 7491786.997082645, -0.1932484012976133, 0.07033666589186148, 0.97862546912858, 11.867590314292485, 290.0
500497.8827818414, 7492286.997082645, -0.19324922732108882, 0.07033696653981937, 0.9786252844055168, 11.867641779382012, 290.0
500497.8827818414, 7492786.997082645, -0.19325004212973548, 0.07033726310591337, 0.9786251021896102, 11.8676925457453, 290.0
500497.8827818414, 7493286.997082645, -0.19325084572579126, 0.07033755559095804, 0.9786249224803931, 11.867742613521315, 290.0
500497.8827818414, 7493786.997082645, -0.19325163811152332, 0.07033784399577858, 0.978624745277391, 11.867791982851017, 290.0
500497.8827818414, 7494286.997082645, -0.19325241928922826, 0.07033812832121085, 0.9786245705801224, 11.867840653877067, 290.0
500497.8827818414, 7494786.997082645, -0.1932531892612318, 0.07033840856810135, 0.9786243983880994, 11.867888626743905, 290.0
500497.8827818414, 7495286.997082645, -0.1932539480298889, 0.07033868473730721, 0.978624228700826, 11.867935901598074, 290.0
500997.8827818414, 7486786.997082645, -0.19323971929465172, 0.07033350590120965, 0.9786274106290752, 11.867049385871283, 290.0
500997.8827818414, 7487286.997082645, -0.19324065756365794, 0.07033384740319965, 0.9786272008144002, 11.867107844262193, 290.0
500997.8827818414, 7487786.997082645, -0.19324158459699586, 0.07033418481574082, 0.9786269935111883, 11.867165602632596, 290.0
500997.8827818414, 7488286.997082645, -0.19324250039660998, 0.0703345181395409, 0.9786267887190422, 11.867222661103227, 290.0
500997.8827818414, 7488786.997082645, -0.19324340496447423, 0.07033484737531837, 0.9786265864375577, 11.867279019796655, 290.0
500997.8827818414, 7489286.997082645, -0.19324429830259202, 0.07033517252380239, 0.9786263866663242, 11.867334678837139, 290.0
500997.8827818414, 7489786.997082645, -0.193245180412996, 0.07033549358573277, 0.978626189404923, 11.867389638351, 290.0
500997.8827818414, 7490286.997082645, -0.19324605129774813, 0.07033581056186002, 0.9786259946529288, 11.867443898466291, 290.0
500997.8827818414, 7490786.997082645, -0.1932469109589399, 0.07033612345294538, 0.9786258024099097, 11.867497459312844, 290.0
500997.8827818414, 7491286.997082645, -0.19324775939869202, 0.07033643225976072, 0.9786256126754261, 11.867550321022449, 290.0
500997.8827818414, 7491786.997082645, -0.19324859661915453, 0.0703367369830886, 0.978625425449032, 11.867602483728604, 290.0
500997.8827818414, 7492286.997082645, -0.1932494226225069, 0.07033703762372225, 0.978625240730274, 11.867653947566652, 290.0
500997.8827818414, 7492786.997082645, -0.19325023741095776, 0.07033733418246559, 0.9786250585186916, 11.867704712673884, 290.0
500997.8827818414, 7493286.997082645, -0.19325104098674506, 0.07033762666013313, 0.9786248788138177, 11.867754779189312, 290.0
500997.8827818414, 7493786.997082645, -0.193251833352136, 0.07033791505755012, 0.9786247016151775, 11.867804147253878, 290.0
500997.8827818414, 7494286.997082645, -0.19325261450942727, 0.07033819937555241, 0.9786245269222901, 11.86785281701016, 290.0
500997.8827818414, 7494786.997082645, -0.1932533844609444, 0.07033847961498649, 0.9786243547346666, 11.867900788602839, 290.0
500997.8827818414, 7495286.997082645, -0.1932541432090426, 0.07033875577670953, 0.978624185051812, 11.867948062178158, 290.0
501497.8827818414, 7486786.997082645, -0.19323990375335942, 0.07033357303868869, 0.9786273693807076, 11.867060878479705, 290.0
501497.8827818414, 7487286.997082645, -0.19324084200358888, 0.07033391453384452, 0.9786271595700224, 11.867119335703194, 290.0
501497.8827818414, 7487786.997082645, -0.1932417690180873, 0.07033425193952868, 0.9786269522708165, 11.867177092902324, 290.0
501497.8827818414, 7488286.997082645, -0.19324268479879927, 0.07033458525644894, 0.9786267474826933, 11.86723415019766, 290.0
501497.8827818414, 7488786.997082645, -0.1932435893476986, 0.07033491448532375, 0.9786265452052485, 11.8672905077118, 290.0
501497.8827818414, 7489286.997082645, -0.19324448266678868, 0.07033523962688222, 0.9786263454380707, 11.867346165569188, 290.0
501497.8827818414, 7489786.997082645, -0.19324536475810214, 0.07033556068186424, 0.9786261481807421, 11.867401123895931, 290.0
501497.8827818414, 7490286.997082645, -0.19324623562370105, 0.07033587765102028, 0.9786259534328372, 11.867455382820154, 290.0
501497.8827818414, 7490786.997082645, -0.19324709526567688, 0.07033619053511161, 0.9786257611939239, 11.867508942471716, 290.0
501497.8827818414, 7491286.997082645, -0.19324794368615025, 0.07033649933491005, 0.9786255714635627, 11.86756180298238, 290.0
501497.8827818414, 7491786.997082645, -0.19324878088727132, 0.07033680405119824, 0.9786253842413075, 11.867613964485628, 290.0
501497.8827818414, 7492286.997082645, -0.19324960687121948, 0.07033710468476932, 0.9786251995267049, 11.86766542711689, 290.0
501497.8827818414, 7492786.997082645, -0.19325042164020334, 0.07033740123642726, 0.9786250173192946, 11.867716191013372, 290.0
501497.8827818414, 7493286.997082645, -0.19325122519646085, 0.07033769370698656, 0.9786248376186091, 11.867766256314155, 290.0
501497.8827818414, 7493786.997082645, -0.19325201754225937, 0.07033798209727246, 0.9786246604241741, 11.867815623160084, 290.0
501497.8827818414, 7494286.997082645, -0.19325279867989542, 0.07033826640812085, 0.9786244857355083, 11.86786429169382, 290.0
501497.8827818414, 7494786.997082645, -0.19325356861169465, 0.07033854664037818, 0.9786243135521232, 11.867912262059988, 290.0
501497.8827818414, 7495286.997082645, -0.1932543273400122, 0.07033882279490167, 0.9786241438735235, 11.867959534404875, 290.0
501997.8827818414, 7486786.997082645, -0.19324007715179436, 0.07033363615055767, 0.9786273306055833, 11.867071681983788, 290.0
501997.8827818414, 7487286.997082645, -0.19324101538386695, 0.07033397763910497, 0.9786271207987615, 11.867130138078409, 290.0
501997.8827818414, 7487786.997082645, -0.1932419423801558, 0.07033431503816136, 0.9786269135034337, 11.867187894145218, 290.0
501997.8827818414, 7488286.997082645, -0.19324285814260528, 0.07033464834843461, 0.9786267087192027, 11.86724495030495, 290.0
501997.8827818414, 7488786.997082645, -0.1932437626731893, 0.0703349775706432, 0.9786265064456641, 11.867301306680204, 290.0
501997.8827818414, 7489286.997082645, -0.19324465597391116, 0.0703353027055162, 0.9786263066824067, 11.86735696339538, 290.0
501997.8827818414, 7489786.997082645, -0.19324553804680364, 0.07033562375379351, 0.9786261094290127, 11.867411920576615, 290.0
501997.8827818414, 7490286.997082645, -0.1932464088939287, 0.07033594071622563, 0.9786259146850567, 11.86746617835199, 290.0
501997.8827818414, 7490786.997082645, -0.19324726851737786, 0.07033625359357379, 0.9786257224501066, 11.867519736851321, 290.0
501997.8827818414, 7491286.997082645, -0.19324811691927166, 0.07033656238660983, 0.9786255327237228, 11.867572596206486, 290.0
501997.8827818414, 7491786.997082645, -0.19324895410176032, 0.07033686709611636, 0.9786253455054591, 11.86762475655091, 290.0
501997.8827818414, 7492286.997082645, -0.19324978006702312, 0.07033716772288658, 0.9786251607948621, 11.86767621802008, 290.0
501997.8827818414, 7492786.997082645, -0.19325059481726883, 0.07033746426772437, 0.9786249785914718, 11.867726980751073, 290.0
501997.8827818414, 7493286.997082645, -0.19325139835473545, 0.07033775673144434, 0.9786247988948203, 11.867777044883084, 290.0
501997.8827818414, 7493786.997082645, -0.1932521906816902, 0.07033804511487166, 0.9786246217044338, 11.867826410556873, 290.0
501997.8827818414, 7494286.997082645, -0.19325297180042952, 0.07033832941884222, 0.9786244470198303, 11.867875077915258, 290.0
501997.8827818414, 7494786.997082645, -0.19325374171327922, 0.07033860964420248, 0.9786242748405221, 11.867923047102622, 290.0
501997.8827818414, 7495286.997082645, -0.19325450042259446, 0.07033888579180966, 0.9786241051660133, 11.867970318265435, 290.0
502497.8827818414, 7486786.997082645, -0.19324023948978342, 0.07033369523675359, 0.978627294303748, 11.867081796372645, 290.0
502497.8827818414, 7487286.997082645, -0.19324117770431912, 0.07033403671891796, 0.9786270845006639, 11.867140251376753, 290.0
502497.8827818414, 7487786.997082645, -0.19324210468302816, 0.07033437411157582, 0.9786268772090855, 11.867198006350407, 290.0
502497.8827818414, 7488286.997082645, -0.19324302042785482, 0.07033470741543492, 0.9786266724286157, 11.867255061414298, 290.0
502497.8827818414, 7488786.997082645, -0.1932439249407731, 0.07033503663121368, 0.9786264701588501, 11.86731141669101, 290.0
502497.8827818414, 7489286.997082645, -0.19324481822378636, 0.0703353617596413, 0.9786262703993777, 11.867367072304916, 290.0
502497.8827818414, 7489786.997082645, -0.1932457002789273, 0.07033568280145756, 0.9786260731497806, 11.867422028382165, 290.0
502497.8827818414, 7490286.997082645, -0.19324657110825783, 0.07033599975741302, 0.9786258784096331, 11.86747628505087, 290.0
502497.8827818414, 7490786.997082645, -0.19324743071386943, 0.07033631262826884, 0.9786256861785033, 11.867529842440902, 290.0
502497.8827818414, 7491286.997082645, -0.19324827909788297, 0.070336621414797, 0.978625496455952, 11.867582700683911, 290.0
502497.8827818414, 7491786.997082645, -0.19324911626244823, 0.07033692611777993, 0.9786253092415322, 11.867634859913622, 290.0
502497.8827818414, 7492286.997082645, -0.19324994220974476, 0.07033722673801095, 0.9786251245347913, 11.867686320265278, 290.0
502497.8827818414, 7492786.997082645, -0.19325075694198118, 0.0703375232762939, 0.9786249423352686, 11.867737081876143, 290.0
502497.8827818414, 7493286.997082645, -0.1932515604613956, 0.07033781573344342, 0.9786247626424971, 11.867787144885213, 290.0
502497.8827818414, 7493786.997082645, -0.19325235277025515, 0.07033810411028461, 0.9786245854560018, 11.867836509433474, 290.0
502497.8827818414, 7494286.997082645, -0.19325313387085635, 0.07033838840765343, 0.9786244107753019, 11.867885175663488, 290.0
502497.8827818414, 7494786.997082645, -0.19325390376552506, 0.07033866862639636, 0.9786242385999088, 11.867933143719895, 290.0
502497.8827818414, 7495286.997082645, -0.19325466245661616, 0.07033894476737051, 0.978624068929327, 11.867980413749024, 290.0
502997.8827818414, 7486786.997082645, -0.1932403907671835, 0.07033375029722434, 0.9786272604752404, 11.867091221637224, 290.0
502997.8827818414, 7487286.997082645, -0.19324132896480214, 0.07033409177323138, 0.9786270506757677, 11.867149675589374, 290.0
502997.8827818414, 7487786.997082645, -0.19324225592656105, 0.07033442915971994, 0.9786268433878104, 11.867207429508937, 290.0
502997.8827818414, 7488286.997082645, -0.19324317165440463, 0.07033476245739768, 0.9786266386109708, 11.86726448351672, 290.0
502997.8827818414, 7488786.997082645, -0.19324407615030692, 0.07033509166698312, 0.9786264363448453, 11.867320837735164, 290.0
502997.8827818414, 7489286.997082645, -0.1932449694162711, 0.07033541678920538, 0.9786262365890224, 11.867376492288727, 290.0
502997.8827818414, 7489786.997082645, -0.1932458514543299, 0.07033573782480426, 0.978626039343084, 11.867431447303602, 290.0
502997.8827818414, 7490286.997082645, -0.19324672226654535, 0.07033605477453032, 0.978625844606605, 11.867485702907814, 290.0
502997.8827818414, 7490786.997082645, -0.1932475818550088, 0.07033636763914473, 0.978625652379153, 11.867539259231265, 290.0
502997.8827818414, 7491286.997082645, -0.19324843022184104, 0.0703366764194194, 0.9786254626602888, 11.867592116405675, 290.0
502997.8827818414, 7491786.997082645, -0.19324926736919196, 0.07033698111613686, 0.9786252754495659, 11.867644274564654, 290.0
502997.8827818414, 7492286.997082645, -0.19325009329924123, 0.07033728173009036, 0.9786250907465314, 11.867695733843448, 290.0
502997.8827818414, 7492786.997082645, -0.19325090801419725, 0.07033757826208377, 0.9786249085507241, 11.867746494379503, 290.0
502997.8827818414, 7493286.997082645, -0.1932517115162982, 0.0703378707129317, 0.9786247288616778, 11.86779655631156, 290.0
502997.8827818414, 7493786.997082645, -0.19325250380781117, 0.07033815908345926, 0.9786245516789173, 11.867845919780734, 290.0
502997.8827818414, 7494286.997082645, -0.19325328489103283, 0.07033844337450244, 0.9786243770019614, 11.867894584929644, 290.0
502997.8827818414, 7494786.997082645, -0.19325405476828883, 0.07033872358690765, 0.9786242048303219, 11.867942551902786, 290.0
502997.8827818414, 7495286.997082645, -0.19325481344193424, 0.07033899972153211, 0.9786240351635033, 11.86798982084656, 290.0
503497.8827818414, 7486786.997082645, -0.19324053098388155, 0.07033380133192876, 0.9786272291200917, 11.86709995777045, 290.0
503497.8827818414, 7487286.997082645, -0.19324146916520302, 0.07033414280200413, 0.9786270193241045, 11.86715841070911, 290.0
503497.8827818414, 7487786.997082645, -0.1932423961106416, 0.07033448018255256, 0.9786268120396394, 11.867216163613733, 290.0
503497.8827818414, 7488286.997082645, -0.1932433118221419, 0.07033481347428185, 0.9786266072662998, 11.867273216605, 290.0
503497.8827818414, 7488786.997082645, -0.19324421630167768, 0.07033514267791038, 0.9786264050036809, 11.867329569805563, 290.0
503497.8827818414, 7489286.997082645, -0.1932451095512523, 0.07033546779416731, 0.9786262052513718, 11.867385223339781, 290.0
503497.8827818414, 7489786.997082645, -0.1932459915728984, 0.07033578882379247, 0.9786260080089543, 11.867440177333862, 290.0
503497.8827818414, 7490286.997082645, -0.19324686236867805, 0.07033610576753639, 0.9786258132760035, 11.86749443191573, 290.0
503497.8827818414, 7490786.997082645, -0.19324772194068257, 0.07033641862616023, 0.9786256210520865, 11.867547987215474, 290.0
503497.8827818414, 7491286.997082645, -0.19324857029103273, 0.07033672740043594, 0.9786254313367646, 11.86760084336467, 290.0
503497.8827818414, 7491786.997082645, -0.19324940742187852, 0.07033703209114599, 0.9786252441295912, 11.867653000496944, 290.0
503497.8827818414, 7492286.997082645, -0.19325023333539934, 0.07033733269908364, 0.978625059430113, 11.86770445874761, 290.0
503497.8827818414, 7492786.997082645, -0.19325104803380388, 0.0703376292250528, 0.9786248772378695, 11.867755218254018, 290.0
503497.8827818414, 7493286.997082645, -0.1932518515193301, 0.070337921669868, 0.9786246975523938, 11.867805279155036, 290.0
503497.8827818414, 7493786.997082645, -0.19325264379424528, 0.07033821003435448, 0.9786245203732112, 11.867854641591606, 290.0
503497.8827818414, 7494286.997082645, -0.19325342486084582, 0.07033849431934805, 0.9786243456998404, 11.867903305706477, 290.0
503497.8827818414, 7494786.997082645, -0.19325419472145752, 0.07033877452569526, 0.9786241735317927, 11.867951271644216, 290.0
503497.8827818414, 7495286.997082645, -0.19325495337843548, 0.07033905065425325, 0.9786240038685732, 11.867998539551039, 290.0
503997.8827818414, 7486786.997082645, -0.19324066013979457, 0.0703338483408367, 0.9786272002383258, 11.86710800476719, 290.0
503997.8827818414, 7487286.997082645, -0.1932415983054387, 0.07033418980520598, 0.9786269904456982, 11.867166456730715, 290.0
503997.8827818414, 7487786.997082645, -0.19324252523518684, 0.07033452718004354, 0.9786267831645974, 11.867224208659422, 290.0
503997.8827818414, 7488286.997082645, -0.19324344093098345, 0.07033486046605716, 0.9786265783946265, 11.867281260673991, 290.0
503997.8827818414, 7488786.997082645, -0.19324434539480237, 0.07033518966396522, 0.9786263761353812, 11.86733761289699, 290.0
503997.8827818414, 7489286.997082645, -0.193245238628647, 0.07033551477449689, 0.9786261763864504, 11.867393265452776, 290.0
503997.8827818414, 7489786.997082645, -0.19324612063454985, 0.07033583579839199, 0.978625979147416, 11.867448218467572, 290.0
503997.8827818414, 7490286.997082645, -0.19324699141457302, 0.07033615273640101, 0.9786257844178528, 11.867502472069418, 290.0
503997.8827818414, 7490786.997082645, -0.1932478509708079, 0.07033646558928519, 0.9786255921973286, 11.867556026388144, 290.0
503997.8827818414, 7491286.997082645, -0.1932486993053751, 0.07033677435781635, 0.9786254024854038, 11.867608881555583, 290.0
503997.8827818414, 7491786.997082645, -0.19324953642042475, 0.07033707904277707, 0.9786252152816322, 11.867661037705261, 290.0
503997.8827818414, 7492286.997082645, -0.1932503623181362, 0.07033737964496059, 0.9786250305855608, 11.867712494972437, 290.0
503997.8827818414, 7492786.997082645, -0.1932511770007181, 0.07033767616517075, 0.9786248483967289, 11.867763253494473, 290.0
503997.8827818414, 7493286.997082645, -0.1932519804704083, 0.07033796860422216, 0.9786246687146694, 11.867813313410323, 290.0
503997.8827818414, 7493786.997082645, -0.1932527727294742, 0.07033825696293997, 0.9786244915389076, 11.86786267486093, 290.0
503997.8827818414, 7494286.997082645, -0.19325355378021222, 0.07033854124216006, 0.9786243168689626, 11.867911337988886, 290.0
503997.8827818414, 7494786.997082645, -0.19325432362494818, 0.07033882144272893, 0.9786241447043454, 11.867959302938871, 290.0
503997.8827818414, 7495286.997082645, -0.193255082266037, 0.07033909756550376, 0.9786239750445612, 11.86800656985713, 290.0
504497.8827818414, 7486786.997082645, -0.1932407782348698, 0.0703338913239289, 0.9786271738299605, 11.86711536262385, 290.0
504497.8827818414, 7487286.997082645, -0.19324171638545648, 0.0703342327828177, 0.978626964040566, 11.867173813650837, 290.0
504497.8827818414, 7487786.997082645, -0.19324264330014382, 0.07033457015217359, 0.9786267567627008, 11.867231564642765, 290.0
504497.8827818414, 7488286.997082645, -0.19324355898087645, 0.07033490343270436, 0.9786265519959678, 11.867288615720355, 290.0
504497.8827818414, 7488786.997082645, -0.19324446342962814, 0.07033523262512839, 0.9786263497399629, 11.867344967006119, 290.0
504497.8827818414, 7489286.997082645, -0.19324535664840217, 0.07033555773017484, 0.9786261499942749, 11.867400618624444, 290.0
504497.8827818414, 7489786.997082645, -0.19324623863923127, 0.07033587874858353, 0.9786259527584856, 11.867455570701551, 290.0
504497.8827818414, 7490286.997082645, -0.19324710940417733, 0.07033619568110493, 0.97862575803217, 11.867509823365438, 290.0
504497.8827818414, 7490786.997082645, -0.19324796894533178, 0.07033650852850026, 0.9786255658148955, 11.867563376746105, 290.0
504497.8827818414, 7491286.997082645, -0.19324881726481524, 0.07033681729154141, 0.978625376106223, 11.867616230975145, 290.0
504497.8827818414, 7491786.997082645, -0.19324965436477776, 0.07033712197101089, 0.9786251889057062, 11.867668386186182, 290.0
504497.8827818414, 7492286.997082645, -0.19325048024739874, 0.07033742256770191, 0.9786250042128917, 11.867719842514589, 290.0
504497.8827818414, 7492786.997082645, -0.19325129491488677, 0.07033771908241837, 0.9786248220273192, 11.867770600097572, 290.0
504497.8827818414, 7493286.997082645, -0.19325209836947985, 0.07033801151597484, 0.9786246423485213, 11.867820659074155, 290.0
504497.8827818414, 7493786.997082645, -0.19325289061344514, 0.07033829986919649, 0.9786244651760239, 11.867870019585212, 290.0
504497.8827818414, 7494286.997082645, -0.19325367164907914, 0.07033858414291916, 0.9786242905093452, 11.867918681773489, 290.0
504497.8827818414, 7494786.997082645, -0.19325444147870766, 0.0703388643379894, 0.9786241183479971, 11.867966645783454, 290.0
504497.8827818414, 7495286.997082645, -0.1932552001046856, 0.0703391404552643, 0.9786239486914842, 11.868013911761508, 290.0
504997.8827818414, 7486786.997082645, -0.19324088526908445, 0.07033393028119708, 0.9786271498950049, 11.86712203133915, 290.0
504997.8827818414, 7487286.997082645, -0.1932418234052334, 0.07033427173483098, 0.9786269401087176, 11.86718048146804, 290.0
504997.8827818414, 7487786.997082645, -0.19324275030548982, 0.07033460909893446, 0.9786267328339597, 11.867238231562254, 290.0
504997.8827818414, 7488286.997082645, -0.19324366597179807, 0.07033494237421518, 0.9786265280703338, 11.867295281742571, 290.0
504997.8827818414, 7488786.997082645, -0.19324457040613213, 0.07033527156139162, 0.9786263258174361, 11.867351632131417, 290.0
504997.8827818414, 7489286.997082645, -0.19324546361049522, 0.07033559666119289, 0.9786261260748554, 11.867407282853208, 290.0
504997.8827818414, 7489786.997082645, -0.19324634558691986, 0.0703359176743588, 0.9786259288421734, 11.867462234034178, 290.0
504997.8827818414, 7490286.997082645, -0.19324721633746816, 0.07033623460163986, 0.9786257341189648, 11.867516485802398, 290.0
504997.8827818414, 7490786.997082645, -0.19324807586423137, 0.07033654744379722, 0.9786255419047976, 11.86757003828771, 290.0
504997.8827818414, 7491286.997082645, -0.19324892416933023, 0.07033685620160278, 0.9786253521992323, 11.86762289162182, 290.0
504997.8827818414, 7491786.997082645, -0.19324976125491478, 0.07033716087583908, 0.9786251650018228, 11.867675045938284, 290.0
504997.8827818414, 7492286.997082645, -0.19325058712316415, 0.07033746146729927, 0.9786249803121155, 11.867726501372545, 290.0
504997.8827818414, 7492786.997082645, -0.19325140177628725, 0.07033775797678733, 0.9786247981296504, 11.867777258061722, 290.0
504997.8827818414, 7493286.997082645, -0.1932522052165218, 0.07033805040511772, 0.9786246184539599, 11.867827316144925, 290.0
504997.8827818414, 7493786.997082645, -0.19325299744613508, 0.07033833875311567, 0.9786244412845695, 11.867876675763057, 290.0
504997.8827818414, 7494286.997082645, -0.19325377846742361, 0.07033862302161703, 0.9786242666209982, 11.867925337058708, 290.0
504997.8827818414, 7494786.997082645, -0.19325454828271316, 0.07033890321146828, 0.9786240944627576, 11.867973300176459, 290.0
504997.8827818414, 7495286.997082645, -0.1932553068943585, 0.07033917932352657, 0.9786239248093519, 11.868020565262697, 290.0
505497.8827818414, 7486786.997082645, -0.19324098124244582, 0.07033396521264389, 0.9786271284334617, 11.867128010913476, 290.0
505497.8827818414, 7487286.997082645, -0.19324191936477697, 0.07033430666124853, 0.9786269186501558, 11.86718646018268, 290.0
505497.8827818414, 7487786.997082645, -0.19324284625123211, 0.07033464402032874, 0.9786267113783765, 11.867244209418331, 290.0
505497.8827818414, 7488286.997082645, -0.19324376190375575, 0.07033497729059228, 0.9786265066177271, 11.867301258741023, 290.0
505497.8827818414, 7488786.997082645, -0.19324466632432172, 0.07033530647275756, 0.9786263043678036, 11.867357608273252, 290.0
505497.8827818414, 7489286.997082645, -0.19324555951493325, 0.07033563156755367, 0.9786261046281945, 11.867413258139493, 290.0
505497.8827818414, 7489786.997082645, -0.19324644147762293, 0.07033595257572045, 0.9786259073984817, 11.867468208465965, 290.0
505497.8827818414, 7490286.997082645, -0.1932473122144527, 0.07033626949800838, 0.9786257126782402, 11.867522459380595, 290.0
505497.8827818414, 7490786.997082645, -0.193248171727514, 0.07033658233517864, 0.9786255204670374, 11.867576011013398, 290.0
505497.8827818414, 7491286.997082645, -0.19324902001892733, 0.07033689108800308, 0.9786253307644344, 11.867628863496009, 290.0
505497.8827818414, 7491786.997082645, -0.19324985709084275, 0.07033719575726426, 0.9786251435699845, 11.867681016962038, 290.0
505497.8827818414, 7492286.997082645, -0.19325068294543962, 0.07033749634375533, 0.978624958883235, 11.867732471546745, 290.0
505497.8827818414, 7492786.997082645, -0.19325149758492652, 0.07033779284828022, 0.978624776703725, 11.867783227387434, 290.0
505497.8827818414, 7493286.997082645, -0.1932523010115413, 0.07033808527165343, 0.9786245970309873, 11.867833284623188, 290.0
505497.8827818414, 7493786.997082645, -0.1932530932275513, 0.07033837361470015, 0.9786244198645476, 11.867882643394765, 290.0
505497.8827818414, 7494286.997082645, -0.19325387423525284, 0.07033865787825626, 0.9786242452039244, 11.86793130384497, 290.0
505497.8827818414, 7494786.997082645, -0.19325464403697168, 0.07033893806316821, 0.9786240730486295, 11.867979266118255, 290.0
505497.8827818414, 7495286.997082645, -0.1932554026350628, 0.07033921417029314, 0.9786239033981673, 11.868026530361064, 290.0
505997.8827818414, 7486786.997082645, -0.19324106615499148, 0.07033399611828303, 0.9786271094453269, 11.867133301349, 290.0
505997.8827818414, 7487286.997082645, -0.1932420042641245, 0.07033433756208395, 0.9786268996648759, 11.867191749797101, 290.0
505997.8827818414, 7487786.997082645, -0.1932429311374081, 0.07033467491637012, 0.978626692395947, 11.867249498213212, 290.0
505997.8827818414, 7488286.997082645, -0.19324384677678672, 0.07033500818184926, 0.9786264876381432, 11.867306546718027, 290.0
505997.8827818414, 7488786.997082645, -0.19324475118423418, 0.07033533735923977, 0.9786262853910604, 11.867362895434042, 290.0
505997.8827818414, 7489286.997082645, -0.19324564436175368, 0.07033566244927078, 0.9786260856542875, 11.867418544485645, 290.0
505997.8827818414, 7489786.997082645, -0.19324652631137768, 0.07033598345268205, 0.978625888427406, 11.867473493999142, 290.0
505997.8827818414, 7490286.997082645, -0.19324739703516836, 0.07033630037022409, 0.9786256937099912, 11.867527744102432, 290.0
505997.8827818414, 7490786.997082645, -0.19324825653521682, 0.07033661320265809, 0.9786255015016104, 11.867581294925515, 290.0
505997.8827818414, 7491286.997082645, -0.19324910481364377, 0.0703369219507559, 0.9786253118018248, 11.867634146599983, 290.0
505997.8827818414, 7491786.997082645, -0.19324994187259917, 0.07033722661529998, 0.9786251246101876, 11.86768629925949, 290.0
505997.8827818414, 7492286.997082645, -0.1932507677142624, 0.0703375271970836, 0.9786249399262457, 11.867737753039421, 290.0
505997.8827818414, 7492786.997082645, -0.19325158234084192, 0.0703378236969106, 0.9786247577495386, 11.867788508076956, 290.0
505997.8827818414, 7493286.997082645, -0.19325238575457565, 0.07033811611559548, 0.9786245780795992, 11.867838564511104, 290.0
505997.8827818414, 7493786.997082645, -0.19325317795773084, 0.07033840445396347, 0.9786244009159532, 11.867887922482751, 290.0
505997.8827818414, 7494286.997082645, -0.1932539589526039, 0.07033868871285036, 0.978624226258119, 11.867936582134618, 290.0
505997.8827818414, 7494786.997082645, -0.19325472874152047, 0.07033896889310266, 0.9786240541056083, 11.8679845436112, 290.0
505997.8827818414, 7495286.997082645, -0.19325548732683553, 0.07033924499557752, 0.9786238844579257, 11.868031807058884, 290.0
506497.8827818414, 7486786.997082645, -0.1932411400067888, 0.070334022998139, 0.9786270929305882, 11.867137902650015, 290.0
506497.8827818414, 7487286.997082645, -0.1932420781033435, 0.07033436443736178, 0.9786268831528663, 11.867196350315453, 290.0
506497.8827818414, 7487786.997082645, -0.1932430049640853, 0.0703347017870831, 0.9786266758866593, 11.867254097951118, 290.0
506497.8827818414, 7488286.997082645, -0.19324392059095855, 0.07033503504801066, 0.9786264711315704, 11.867311145677718, 290.0
506497.8827818414, 7488786.997082645, -0.19324482498593698, 0.07033536422086284, 0.9786262688871952, 11.867367493617863, 290.0
506497.8827818414, 7489286.997082645, -0.1932457181510239, 0.07033568930636874, 0.978626069153123, 11.86742314189577, 290.0
506497.8827818414, 7489786.997082645, -0.1932466000882517, 0.07033601030526815, 0.9786258719289351, 11.867478090637789, 290.0
506497.8827818414, 7490286.997082645, -0.1932474707996824, 0.07033632721831157, 0.9786256772142065, 11.867532339972001, 290.0
506497.8827818414, 7490786.997082645, -0.19324833028740726, 0.07033664004626014, 0.9786254850085051, 11.867585890028124, 290.0
506497.8827818414, 7491286.997082645, -0.1932491785535469, 0.07033694878988571, 0.9786252953113915, 11.867638740937963, 290.0
506497.8827818414, 7491786.997082645, -0.19325001560025135, 0.07033725344997081, 0.9786251081224195, 11.867690892835043, 290.0
506497.8827818414, 7492286.997082645, -0.1932508414296997, 0.0703375540273086, 0.9786249234411356, 11.867742345854808, 290.0
506497.8827818414, 7492786.997082645, -0.19325165604410063, 0.07033785052270294, 0.9786247412670795, 11.867793100134406, 290.0
506497.8827818414, 7493286.997082645, -0.19325245944569208, 0.07033814293696838, 0.9786245615997843, 11.867843155812807, 290.0
506497.8827818414, 7493786.997082645, -0.1932532516367411, 0.07033843127093008, 0.9786243844387749, 11.86789251303108, 290.0
506497.8827818414, 7494286.997082645, -0.19325403261954413, 0.07033871552542387, 0.9786242097835706, 11.86794117193169, 290.0
506497.8827818414, 7494786.997082645, -0.19325480239642678, 0.07033899570129619, 0.9786240376336824, 11.867989132659346, 290.0
506497.8827818414, 7495286.997082645, -0.19325556096974403, 0.07033927179940416, 0.9786238679886154, 11.86803639536032, 290.0
506997.8827818414, 7486786.997082645, -0.1932412027979354, 0.07033404585224734, 0.978627078889227, 11.867141814822574, 290.0
506997.8827818414, 7487286.997082645, -0.19324214088253164, 0.0703343872871176, 0.978626869114108, 11.867200261743761, 290.0
506997.8827818414, 7487786.997082645, -0.19324306773136138, 0.07033472463250327, 0.9786266618504947, 11.867258008638032, 290.0
506997.8827818414, 7488286.997082645, -0.19324398334636875, 0.07033505788911203, 0.9786264570979899, 11.867315055626136, 290.0
506997.8827818414, 7488786.997082645, -0.19324488772952778, 0.07033538705766226, 0.9786262548561894, 11.867371402830628, 290.0
506997.8827818414, 7489286.997082645, -0.19324578088284142, 0.07033571213888308, 0.9786260551246819, 11.867427050375909, 290.0
506997.8827818414, 7489786.997082645, -0.19324666280834238, 0.07033603313351426, 0.9786258579030498, 11.867481998388058, 290.0
506997.8827818414, 7490286.997082645, -0.19324753350809237, 0.07033635004230625, 0.9786256631908673, 11.867536246995257, 290.0
506997.8827818414, 7490786.997082645, -0.19324839298418284, 0.07033666286602022, 0.9786254709877025, 11.867589796327309, 290.0
506997.8827818414, 7491286.997082645, -0.1932492412387343, 0.07033697160542805, 0.9786252812931162, 11.867642646515876, 290.0
506997.8827818414, 7491786.997082645, -0.1932500782738966, 0.07033727626131216, 0.9786250941066618, 11.867694797694654, 290.0
506997.8827818414, 7492286.997082645, -0.19325090409184906, 0.07033757683446579, 0.9786249094278862, 11.867746249998888, 290.0
506997.8827818414, 7492786.997082645, -0.19325171869480023, 0.07033787332569275, 0.9786247272563291, 11.867797003565812, 290.0
506997.8827818414, 7493286.997082645, -0.19325252208498794, 0.07033816573580758, 0.9786245475915232, 11.867847058534451, 290.0
506997.8827818414, 7493786.997082645, -0.19325331426467932, 0.07033845406563542, 0.9786243704329939, 11.867896415045749, 290.0
506997.8827818414, 7494286.997082645, -0.1932540952361707, 0.07033873831601212, 0.9786241957802598, 11.867945073242396, 290.0
506997.8827818414, 7494786.997082645, -0.19325486500178785, 0.07033901848778411, 0.9786240236328331, 11.867993033268789, 290.0
506997.8827818414, 7495286.997082645, -0.19325562356388556, 0.07033929458180853, 0.9786238539902179, 11.86804029527137, 290.0
507497.8827818414, 7486786.997082645, -0.19324125452855914, 0.07033406468065458, 0.9786270673212173, 11.86714503787448, 290.0
507497.8827818414, 7487286.997082645, -0.19324219260181663, 0.07033440611139787, 0.9786268575485751, 11.867203484089941, 290.0
507497.8827818414, 7487786.997082645, -0.19324311943936381, 0.07033474345267704, 0.9786266502874269, 11.867261230281983, 290.0
507497.8827818414, 7488286.997082645, -0.19324403504314502, 0.07033507670519978, 0.9786264455373754, 11.867318276571282, 290.0
507497.8827818414, 7488786.997082645, -0.19324493941513404, 0.07033540586968451, 0.9786262432980163, 11.867374623080508, 290.0
507497.8827818414, 7489286.997082645, -0.1932458325573339, 0.07033573094686021, 0.9786260435689383, 11.867430269934005, 290.0
507497.8827818414, 7489786.997082645, -0.1932467144717773, 0.07033605193746677, 0.9786258463497239, 11.867485217257865, 290.0
507497.8827818414, 7490286.997082645, -0.1932475851605259, 0.07033636884225457, 0.9786256516399473, 11.867539465180272, 290.0
507497.8827818414, 7490786.997082645, -0.1932484446256711, 0.0703366816619848, 0.9786254594391767, 11.86759301383097, 290.0
507497.8827818414, 7491286.997082645, -0.19324929286933332, 0.07033699039742927, 0.9786252697469725, 11.86764586334175, 290.0
507497.8827818414, 7491786.997082645, -0.1932501298936625, 0.07033729504937043, 0.9786250825628884, 11.867698013846194, 290.0
507497.8827818414, 7492286.997082645, -0.19325095570083792, 0.07033759561860155, 0.9786248978864716, 11.86774946547952, 290.0
507497.8827818414, 7492786.997082645, -0.193251770293068, 0.07033789210592636, 0.9786247157172612, 11.867800218379102, 290.0
507497.8827818414, 7493286.997082645, -0.19325257367259063, 0.07033818451215944, 0.9786245360547902, 11.867850272683881, 290.0
507497.8827818414, 7493786.997082645, -0.19325336584167296, 0.0703384728381259, 0.9786243588985842, 11.867899628534701, 290.0
507497.8827818414, 7494286.997082645, -0.19325414680261122, 0.07033875708466154, 0.9786241842481616, 11.867948286074409, 290.0
507497.8827818414, 7494786.997082645, -0.19325491655773105, 0.07033903725261284, 0.9786240121030343, 11.867996245447372, 290.0
507497.8827818414, 7495286.997082645, -0.19325567510938735, 0.07033931334283688, 0.9786238424627068, 11.868043506800007, 290.0
507997.8827818414, 7486786.997082645, -0.19324129519881775, 0.07033407948341813, 0.9786270582265256, 11.867147571815693, 290.0
507997.8827818414, 7487286.997082645, -0.19324223326135614, 0.07033442091025999, 0.9786268484562345, 11.867206017363827, 290.0
507997.8827818414, 7487786.997082645, -0.19324316008825052, 0.07033475824766185, 0.9786266411974229, 11.867263762892676, 290.0
507997.8827818414, 7488286.997082645, -0.19324407568144508, 0.07033509149633138, 0.9786264364496939, 11.867320808522905, 290.0
507997.8827818414, 7488786.997082645, -0.19324498004291357, 0.07033542065698693, 0.9786262342126429, 11.867377154377195, 290.0
507997.8827818414, 7489286.997082645, -0.1932458731746591, 0.07033574573035757, 0.978626034485859, 11.867432800579863, 290.0
507997.8827818414, 7489786.997082645, -0.1932467550787142, 0.07033606671718311, 0.9786258372689245, 11.867487747256973, 290.0
507997.8827818414, 7490286.997082645, -0.19324762575714058, 0.07033638361821393, 0.9786256425614135, 11.86754199453675, 290.0
507997.8827818414, 7490786.997082645, -0.19324848521202953, 0.07033669643421121, 0.9786254503628944, 11.867595542548912, 290.0
507997.8827818414, 7491286.997082645, -0.19324933344550163, 0.07033700516594675, 0.9786252606729273, 11.867648391425334, 290.0
507997.8827818414, 7491786.997082645, -0.1932501704597066, 0.07033730981420303, 0.9786250734910664, 11.867700541299413, 290.0
507997.8827818414, 7492286.997082645, -0.1932509962568238, 0.07033761037977324, 0.9786248888168584, 11.86775199230658, 290.0
507997.8827818414, 7492786.997082645, -0.19325181083906154, 0.07033790686346113, 0.9786247066498427, 11.867802744584054, 290.0
507997.8827818414, 7493286.997082645, -0.19325261420865772, 0.07033819926608124, 0.978624526989552, 11.867852798270874, 290.0
507997.8827818414, 7493786.997082645, -0.19325340636787944, 0.07033848758845876, 0.9786243498355125, 11.8679021535078, 290.0
507997.8827818414, 7494286.997082645, -0.19325418731902297, 0.07033877183142942, 0.9786241751872422, 11.867950810437648, 290.0
507997.8827818414, 7494786.997082645, -0.19325495706441387, 0.07033905199583966, 0.9786240030442531, 11.86799876920486, 290.0
507997.8827818414, 7495286.997082645, -0.193255715606407, 0.07033932808254661, 0.9786238334060496, 11.868046029955863, 290.0
508497.8827818414, 7486786.997082645, -0.19324132480889922, 0.07033409026060641, 0.978627051605112, 11.867149416657782, 290.0
508497.8827818414, 7487286.997082645, -0.19324226286133825, 0.07033443168377242, 0.9786268418370458, 11.867207861577029, 290.0
508497.8827818414, 7487786.997082645, -0.19324318967820936, 0.0703347690175261, 0.9786266345804424, 11.867265606481809, 290.0
508497.8827818414, 7488286.997082645, -0.19324410526145674, 0.07033510226257515, 0.9786264298349049, 11.867322651492728, 290.0
508497.8827818414, 7488786.997082645, -0.19324500961305419, 0.07033543141963794, 0.9786262276000292, 11.867378996732356, 290.0
508497.8827818414, 7489286.997082645, -0.19324590273500472, 0.0703357564894435, 0.978626027875404, 11.867434642325051, 290.0
508497.8827818414, 7489786.997082645, -0.19324678462934075, 0.07033607747273157, 0.9786258306606112, 11.86748958839705, 290.0
508497.8827818414, 7490286.997082645, -0.19324765529812413, 0.07033639437025263, 0.9786256359552257, 11.867543835076347, 290.0
508497.8827818414, 7490786.997082645, -0.19324851474344598, 0.07033670718276776, 0.978625443758815, 11.867597382492903, 290.0
508497.8827818414, 7491286.997082645, -0.19324936296742687, 0.0703370159110488, 0.9786252540709405, 11.867650230778239, 290.0
508497.8827818414, 7491786.997082645, -0.19325019997221654, 0.0703373205558782, 0.9786250668911551, 11.86770238006612, 290.0
508497.8827818414, 7492286.997082645, -0.19325102575999428, 0.07033762111804909, 0.9786248822190062, 11.867753830491722, 290.0
508497.8827818414, 7492786.997082645, -0.1932518403329684, 0.07033791759836532, 0.9786247000540331, 11.867804582192392, 290.0
508497.8827818414, 7493286.997082645, -0.19325264369337672, 0.07033820999764134, 0.9786245203957686, 11.867854635307083, 290.0
508497.8827818414, 7493786.997082645, -0.1932534358434863, 0.07033849831670229, 0.9786243432437386, 11.867903989976625, 290.0
508497.8827818414, 7494286.997082645, -0.19325421678559346, 0.07033878255638398, 0.9786241685974615, 11.867952646343753, 290.0
508497.8827818414, 7494786.997082645, -0.1932549865220236, 0.07033906271753279, 0.9786239964564487, 11.86800060455306, 290.0
508497.8827818414, 7495286.997082645, -0.19325574505513163, 0.07033933880100582, 0.9786238268202053, 11.868047864750764, 290.0
508997.8827818414, 7486786.997082645, -0.1932413433590214, 0.07033409701229874, 0.9786270474569284, 11.867150572414388, 290.0
508997.8827818414, 7487286.997082645, -0.1932422814019808, 0.07033443843201441, 0.978626837690961, 11.867209016743288, 290.0
508997.8827818414, 7487786.997082645, -0.1932432082094582, 0.07033477576234909, 0.9786266304364377, 11.867266761062979, 290.0
508997.8827818414, 7488286.997082645, -0.193244123783398, 0.07033510900401044, 0.9786264256929611, 11.867323805494237, 290.0
508997.8827818414, 7488786.997082645, -0.19324502812577382, 0.07033543815771683, 0.9786262234601273, 11.867380150159548, 290.0
508997.8827818414, 7489286.997082645, -0.1932459212385886, 0.07033576322419727, 0.978626023737525, 11.867435795183297, 290.0
508997.8827818414, 7489786.997082645, -0.19324680312387485, 0.07033608420419148, 0.9786258265247363, 11.867490740691693, 290.0
508997.8827818414, 7490286.997082645, -0.19324767378369434, 0.07033640109844995, 0.9786256318213358, 11.867544986812774, 290.0
508997.8827818414, 7490786.997082645, -0.19324853322013819, 0.07033671390773376, 0.9786254396268916, 11.8675985336763, 290.0
508997.8827818414, 7491286.997082645, -0.1932493814353268, 0.07033702263281467, 0.9786252499409642, 11.86765138141412, 290.0
508997.8827818414, 7491786.997082645, -0.19325021843141008, 0.07033732727447517, 0.9786250627631073, 11.86770353015973, 290.0
508997.8827818414, 7492286.997082645, -0.19325104421056707, 0.07033762783350839, 0.9786248780928678, 11.867754980048488, 290.0
508997.8827818414, 7492786.997082645, -0.19325185877500625, 0.07033792431071816, 0.9786246959297853, 11.867805731217572, 290.0
508997.8827818414, 7493286.997082645, -0.1932526621269653, 0.0703382167069189, 0.9786245162733925, 11.867855783806021, 290.0
508997.8827818414, 7493786.997082645, -0.19325345426871116, 0.0703385050229357, 0.9786243391232151, 11.867905137954708, 290.0
508997.8827818414, 7494286.997082645, -0.19325423520254023, 0.07033878925960442, 0.9786241644787719, 11.86795379380628, 290.0
508997.8827818414, 7494786.997082645, -0.19325500493077788, 0.0703390694177714, 0.9786239923395742, 11.868001751505332, 290.0
508997.8827818414, 7495286.997082645, -0.19325576345577888, 0.07033934549829368, 0.9786238227051268, 11.868049011198195, 290.0
