X,Y,Z,formation
306258.50333319895,6415258.285902604,298.8929731384833,Umberatana_Group
305987.50012748165,6414151.978510337,291.64594751308334,Umberatana_Group
306071.88560596295,6413381.088986376,286.320737956249,Umberatana_Group
306401.46978463535,6413292.581792744,286.0,Umberatana_Group
307376.7906630577,6413038.98089445,287.90033145783036,Umberatana_Group
307823.83632077696,6412582.227664938,292.94040280595055,Umberatana_Group
308286.34249551245,6412291.752437874,292.54155955061645,Umberatana_Group
304022.28610992624,6407483.039961163,345.9951931350003,Umberatana_Group
303745.99554604647,6408377.346890675,332.36122956095437,Umberatana_Group
302828.4591978316,6408939.662443716,330.3723658060055,Umberatana_Group
302349.61174056097,6409820.638389493,330.82879068990604,Umberatana_Group
301701.21967152366,6410666.085973674,335.28281769210275,Umberatana_Group
301573.8364440851,6410751.029497453,337.32561518267653,Umberatana_Group
302226.70147044887,6411240.527275868,331.5479502976437,Umberatana_Group
304565.83296796156,6413437.779167352,308.01074526672426,Umberatana_Group
308426.2107710587,6412269.058398448,293.48695315263825,Umberatana_Group
307602.5870357249,6411638.460407501,301.27079518689004,Umberatana_Group
304724.0154532265,6407885.393530477,345.56955237356544,Umberatana_Group
273397.84666623676,6405084.328058686,557.0663481636791,Yerelina_Subgroup
272770.08259358304,6408556.614187653,502.6609412394432,Yerelina_Subgroup
273150.7569327345,6411326.753310873,493.10541430136163,Yerelina_Subgroup
273396.0814848137,6411901.024371916,495.5363693377615,Yerelina_Subgroup
275193.18012956163,6415544.076835354,478.8153407393169,Yerelina_Subgroup
281179.6280151523,6423335.045467874,473.7737863442916,Yerelina_Subgroup
282228.32782144065,6424402.315188142,459.6801408901053,Yerelina_Subgroup
282474.8583766204,6424714.398850659,459.6025998367644,Yerelina_Subgroup
282968.34836850205,6425209.540298113,459.41839528950004,Yerelina_Subgroup
283166.0250216494,6425412.100492267,460.6731471387393,Yerelina_Subgroup
284103.8427546564,6425677.781814123,465.63041599850055,Yerelina_Subgroup
286716.6162593089,6417466.867203571,464.1350401119082,Umberatana_Group
285737.1777419257,6418174.432095097,480.1819806011963,Umberatana_Group
284230.637149106,6415647.553863501,485.63327473083893,Umberatana_Group
283896.1063720621,6414018.544372352,465.82513786569416,Umberatana_Group
282791.1055863465,6413852.888388701,502.39388176099544,Umberatana_Group
281654.52809884737,6413027.739165805,518.601421435847,Umberatana_Group
280458.5285340613,6411918.050837845,563.1683643598162,Umberatana_Group
277805.5645597654,6406318.418028193,492.3207090359965,Umberatana_Group
277715.17553422006,6405095.445333475,502.753319809894,Umberatana_Group
326935.213946178,6432196.299466667,224.4825901521851,Burra_Group
325974.2159393325,6430331.610517525,227.82809896951193,Burra_Group
325160.5730643064,6429373.726342764,229.98651104935013,Burra_Group
324121.8869754011,6428669.567869581,232.3452941525627,Burra_Group
322342.05056103965,6428449.1817626115,234.0682638059326,Burra_Group
265463.410780211,6430964.250968022,424.7380962775037,Yudnamutana_Subgroup
265462.1248099562,6430432.377267532,412.71027854249826,Yudnamutana_Subgroup
265659.1616519678,6429903.508153853,412.7328253361622,Yudnamutana_Subgroup
265844.03831417114,6429895.4292418305,415.2207821380739,Yudnamutana_Subgroup
305660.4305120403,6424266.505327644,340.3846281386348,Yudnamutana_Subgroup
305274.5589293073,6424024.677880004,347.3518445668351,Yudnamutana_Subgroup
298201.5703022052,6409420.47360086,391.70280695282895,Yudnamutana_Subgroup
298083.6257431471,6408752.724825121,381.85265087191766,Yudnamutana_Subgroup
297756.1910091803,6408275.326648473,382.70169519054,Yudnamutana_Subgroup
296746.417921382,6407237.700934437,392.2574881671854,Yudnamutana_Subgroup
304677.53576074285,6423566.217611114,348.91659188043053,Yudnamutana_Subgroup
303586.42031728517,6423479.533000447,362.517615956063,Yudnamutana_Subgroup
302861.0253918341,6423452.694584418,413.1145872521219,Yudnamutana_Subgroup
302284.18679106,6423290.020089919,436.65053714671205,Yudnamutana_Subgroup
300960.5452279352,6422591.390856705,463.2997325165413,Yudnamutana_Subgroup
299594.04420470505,6421416.171708233,471.6398255418278,Yudnamutana_Subgroup
298723.12516114814,6420353.120538965,432.10747667021565,Yudnamutana_Subgroup
297860.68607652653,6418088.548287304,478.9873207043539,Yudnamutana_Subgroup
296632.6585530243,6413862.445015952,579.8288229214213,Yudnamutana_Subgroup
295313.124911099,6410116.2820637515,569.323467117711,Yudnamutana_Subgroup
294978.93431238574,6407695.715312919,514.416192613034,Yudnamutana_Subgroup
267048.9567317147,6431626.625431681,467.014797694611,Yudnamutana_Subgroup
273159.5443801846,6435529.539555543,521.3086208708467,Yudnamutana_Subgroup
273960.2257630576,6435839.914255258,536.9044385222121,Yudnamutana_Subgroup
276839.7263153797,6442522.110617839,496.5991287287063,Yudnamutana_Subgroup
267048.9567317147,6431626.625431681,467.014797694611,Emeroo_Subgroup
267579.0428989524,6433089.591795049,470.23505596187385,Emeroo_Subgroup
268743.6864051869,6434131.961071532,470.39083028526875,Emeroo_Subgroup
269269.9022688554,6434746.758381387,481.4335762396821,Emeroo_Subgroup
268756.8744852416,6435290.251906972,480.4365778075271,Emeroo_Subgroup
275728.2719305382,6446513.164325608,480.71117138119746,Yudnamutana_Subgroup
275367.6062557788,6442209.9866504315,499.39328364408243,Yudnamutana_Subgroup
275005.03848533705,6441468.23582641,505.0441170729078,Yudnamutana_Subgroup
304821.4215558497,6415997.890057113,310.8498349863356,Yudnamutana_Subgroup
305388.5332163232,6415763.557985865,308.96033890768626,Yudnamutana_Subgroup
306019.4436622064,6415527.622990541,301.7647138002341,Yudnamutana_Subgroup
306223.5791085263,6415304.452622507,299.4466543905349,Yudnamutana_Subgroup
301573.8364440851,6410751.029497453,337.32561518267653,Yudnamutana_Subgroup
301184.60674796393,6411010.580934666,348.2603591370814,Yudnamutana_Subgroup
300808.39455362974,6411452.46947781,360.6046926756905,Yudnamutana_Subgroup
300791.54610824096,6411532.723008437,361.5979404465104,Yudnamutana_Subgroup
301472.45089212176,6412091.279708889,346.55438566157875,Yudnamutana_Subgroup
304717.39813569793,6415853.596110333,310.0,Yudnamutana_Subgroup
261472.09157653872,6415308.364108222,439.0871627113729,Yerelina_Subgroup
261050.27924622167,6413137.978115082,461.4178352878991,Yerelina_Subgroup
260616.27180175198,6411999.166226523,483.56085151245804,Yerelina_Subgroup
258466.26938396005,6407985.319030818,467.8199059851967,Yerelina_Subgroup
256437.29118531628,6405346.056848088,436.2560603424063,Yerelina_Subgroup
281773.5383450305,6408893.5642069345,465.8491827962695,Emeroo_Subgroup
281573.738122961,6407784.994125348,470.0859481655946,Emeroo_Subgroup
281068.44224851154,6406322.075201265,472.4687671576669,Emeroo_Subgroup
279467.03627912677,6407680.464200572,549.9862524592392,Emeroo_Subgroup
280208.17578611977,6408832.032582769,556.3906292967064,Emeroo_Subgroup
281413.0908811636,6409057.762528145,487.65302077433574,Emeroo_Subgroup
281637.3776070571,6408900.747130586,471.2623332849733,Emeroo_Subgroup
283896.1063720621,6414018.544372352,465.82513786569416,Yudnamutana_Subgroup
283647.5979450508,6412808.424091056,466.45252407727776,Yudnamutana_Subgroup
278209.1031385913,6405106.38536291,485.943556949225,Yudnamutana_Subgroup
278208.3173693276,6405084.328058686,484.6076721661918,Yudnamutana_Subgroup
283442.0153493803,6412561.861472249,474.2346682117981,Yudnamutana_Subgroup
282639.1656594477,6412781.740001263,518.836764874298,Yudnamutana_Subgroup
281457.5437366266,6411916.438343609,574.9237235249897,Yudnamutana_Subgroup
281046.60410792043,6411453.150965236,571.9704197066887,Yudnamutana_Subgroup
279391.3589168881,6408706.732794277,565.5512526606955,Yudnamutana_Subgroup
279191.35834295343,6408331.072744613,557.2768092293768,Yudnamutana_Subgroup
279180.73310197104,6408311.115339703,556.8919450201303,Yudnamutana_Subgroup
278295.1187346497,6405921.325912261,485.92389738619784,Yudnamutana_Subgroup
265126.9199789651,6412227.768924265,427.85118706776194,Yudnamutana_Subgroup
263850.388681922,6409386.881960055,496.3499288803275,Yudnamutana_Subgroup
263579.72128779494,6408811.10278541,513.4426600661659,Yudnamutana_Subgroup
263434.29313638783,6408554.455466769,512.6125394779655,Yudnamutana_Subgroup
291854.7241591144,6436772.157579308,502.1921796960669,Burra_Group
291724.6854643158,6436962.202820223,504.91708937986664,Burra_Group
291603.80058096955,6437069.488217022,506.5722998025236,Burra_Group
291854.7241591144,6436772.157579308,502.1921796960669,Umberatana_Group
293246.8989684675,6437721.397501219,499.64422604814746,Umberatana_Group
295959.923589875,6438688.227651551,475.558802525501,Umberatana_Group
295978.3263532821,6438699.120073983,475.7629724499517,Umberatana_Group
296024.7949551343,6438738.098167971,476.2399859346252,Umberatana_Group
297578.1625358919,6439231.2048542695,467.1951884974063,Umberatana_Group
298985.7160165252,6440039.991289452,453.20596122599875,Umberatana_Group
301560.58143664454,6442800.774789593,393.4126459132285,Umberatana_Group
302637.03567367984,6444359.410207193,363.94300377125796,Umberatana_Group
302796.9520985574,6444661.482505694,359.4528177925949,Umberatana_Group
303017.1931086846,6445972.012140648,344.4673286974953,Umberatana_Group
302617.28946849005,6446914.924636746,350.28793496919195,Umberatana_Group
302610.3326896952,6448409.092767744,344.20727127341837,Umberatana_Group
302934.7266514525,6448937.189501289,340.6186279868015,Umberatana_Group
303016.47063859855,6449015.739979768,339.6098425841642,Umberatana_Group
306664.0582811981,6448550.528604502,312.5223566013909,Umberatana_Group
309533.9488801983,6447172.448362221,303.24973270982764,Umberatana_Group
308854.8082099779,6445537.102935281,309.0767757069805,Umberatana_Group
308210.08070529735,6445155.303166555,320.4976732935254,Umberatana_Group
306131.69395674346,6443657.887272652,337.6141533820539,Umberatana_Group
304420.14830044075,6442404.897307223,368.72946474050065,Umberatana_Group
304311.9269968433,6441558.947689212,357.6030586473118,Umberatana_Group
305104.1430942572,6441071.854088429,356.023868273283,Umberatana_Group
292696.69641551166,6432616.82957609,494.2162808995889,Umberatana_Group
292730.64916717506,6434077.416767975,482.1367946669129,Umberatana_Group
291992.04984241,6436532.917304093,496.55066148624974,Umberatana_Group
291891.94676215545,6436717.7585035,500.74566168000104,Umberatana_Group
300726.35767116415,6444529.931298986,405.1026497537081,Emeroo_Subgroup
298169.555967885,6442554.915959014,427.87973461350646,Emeroo_Subgroup
298150.8637836527,6442542.755171723,427.9855592050153,Emeroo_Subgroup
295625.19958286686,6441190.444068413,475.6651249362867,Emeroo_Subgroup
295757.9521077967,6440037.3892423,488.2143846041915,Emeroo_Subgroup
294137.02651690104,6438720.96095413,504.25100069918096,Emeroo_Subgroup
291910.27181045886,6438068.649459211,515.0674427637582,Emeroo_Subgroup
290974.9128864299,6437387.389052983,512.4783556471298,Emeroo_Subgroup
302038.60974853445,6445516.652757082,385.45633661129824,Emeroo_Subgroup
289464.85079693794,6436369.819199031,524.5196444472855,Emeroo_Subgroup
289235.6416868086,6437618.588985061,549.7361587656522,Emeroo_Subgroup
290081.63595530705,6440209.735325813,610.3978698266513,Emeroo_Subgroup
291746.37770284346,6440652.533615075,528.87836,Emeroo_Subgroup
291025.2113466456,6441632.469303186,543.460038657078,Emeroo_Subgroup
292827.65018786053,6444080.333379028,504.5141633753795,Emeroo_Subgroup
294388.667505744,6442788.395194538,456.3737692368009,Emeroo_Subgroup
294408.58783369133,6442791.075055212,456.163705009114,Emeroo_Subgroup
295341.5292865704,6443174.040782639,441.15623402841686,Emeroo_Subgroup
295357.27587599517,6443185.821917796,440.74390961498125,Emeroo_Subgroup
297634.26673105796,6446079.513774274,404.473394212833,Emeroo_Subgroup
297649.49212088675,6446097.764808924,404.4356668600702,Emeroo_Subgroup
300202.5255452519,6448923.99916666,363.84198686377954,Emeroo_Subgroup
300219.5672947969,6448939.642828963,363.60546876605633,Emeroo_Subgroup
300901.1115535307,6449424.535805348,352.9356669149201,Emeroo_Subgroup
290974.9128864299,6437387.389052983,512.4783556471298,Emeroo_Subgroup
289977.45445293584,6436660.899001526,514.2789234134746,Emeroo_Subgroup
289573.1926782767,6436471.664830475,522.1373046239518,Emeroo_Subgroup
296024.7949551343,6438738.098167971,476.2399859346252,Yudnamutana_Subgroup
298307.88164603786,6440653.164807845,438.3195583478219,Yudnamutana_Subgroup
298324.78426764865,6440669.147654504,438.19771460011907,Yudnamutana_Subgroup
300881.65662551054,6443312.8401241135,412.19736481022886,Yudnamutana_Subgroup
300897.06816054275,6443332.875221255,412.3393295983842,Yudnamutana_Subgroup
301594.0452813417,6444391.213669239,392.0452861164961,Yudnamutana_Subgroup
302038.60974853445,6445516.652757082,385.45633661129824,Yudnamutana_Subgroup
301913.67267256824,6446230.716678127,383.54326106937833,Yudnamutana_Subgroup
301539.17406581785,6448342.345694653,358.3731754620743,Yudnamutana_Subgroup
301693.98789397173,6449460.0974944215,348.8991413921532,Yudnamutana_Subgroup
302011.8010996063,6449575.159878711,346.15339870741644,Yudnamutana_Subgroup
302594.05202373565,6449483.346672859,342.72305049255635,Yudnamutana_Subgroup
265126.9199789651,6412227.768924265,427.85118706776194,Burra_Group
264912.9280242118,6407426.87174068,516.905190499366,Burra_Group
266296.7999630715,6405813.42967529,476.42528945606165,Burra_Group
267554.1386535913,6406166.428904803,456.81071276224037,Burra_Group
250805.1529856466,6451459.089068079,386.11684449156655,ABC_Range_Quartzite
251599.98421906887,6452321.400914339,414.76451466209716,ABC_Range_Quartzite
254491.7675811591,6456856.284150024,432.6130308613368,ABC_Range_Quartzite
255081.09125033763,6458074.368890964,404.42880633088174,ABC_Range_Quartzite
255936.59596439934,6458336.085975628,402.1884619657968,ABC_Range_Quartzite
253756.6207940133,6453989.9772097375,417.39479365876684,ABC_Range_Quartzite
250980.96534147137,6450946.396941522,373.9664689117085,ABC_Range_Quartzite
256575.32040607432,6458336.085975628,415.47295780864835,Wilpena_Group
254866.11129796348,6454778.149416015,426.4670388145714,Wilpena_Group
254551.97995920206,6454087.671539001,409.0633009416257,Wilpena_Group
251952.14508745534,6450791.465328505,349.57008700944215,Wilpena_Group
257092.2236118485,6458336.085975628,422.67365718197595,Yerelina_Subgroup
255303.69191201535,6454580.898168891,411.54735075332655,Yerelina_Subgroup
252315.8176319041,6450477.774737513,363.57142093197905,Yerelina_Subgroup
311981.36199991254,6421462.463628296,258.0537965961201,Umberatana_Group
311844.68702441605,6420599.672133736,259.4000303275223,Umberatana_Group
310485.1535056022,6419202.270109098,270.08709008331715,Umberatana_Group
309952.9489443705,6418852.605530265,277.849058855713,Umberatana_Group
309707.6976097105,6418739.9841717705,282.1466454656847,Umberatana_Group
309820.7949488677,6419995.888196816,292.62445450367824,Umberatana_Group
310029.87699077465,6420326.325588822,292.43428369673245,Umberatana_Group
310993.8030361094,6421216.833153887,278.9072179494216,Umberatana_Group
311523.5986348336,6421394.636410847,265.618763603443,Umberatana_Group
252318.48692139125,6405084.328058686,408.60209358628117,ABC_Range_Quartzite
253185.7480434209,6406071.819978513,408.05990098448586,ABC_Range_Quartzite
253498.48411621974,6406965.571352318,418.65684996856976,ABC_Range_Quartzite
253267.25696177717,6409520.792485953,508.5043126337871,ABC_Range_Quartzite
251707.6843983669,6410861.3307823045,498.1622110800189,ABC_Range_Quartzite
251850.26744000122,6414789.650331939,436.05102709894464,ABC_Range_Quartzite
254011.41241304216,6418501.342368141,429.8142634199918,ABC_Range_Quartzite
256557.44292687878,6420663.155953125,411.8060704052656,ABC_Range_Quartzite
258093.18200429992,6418817.400797771,527.1075655230833,ABC_Range_Quartzite
258032.9169832286,6416005.8331258735,686.3636886051554,ABC_Range_Quartzite
256848.33392387434,6413674.455096274,615.2269875826108,ABC_Range_Quartzite
255790.70483618235,6411819.1403425075,550.4670451600734,ABC_Range_Quartzite
255209.69759444235,6409790.6997270705,505.7029978347756,ABC_Range_Quartzite
253392.66600446924,6405689.131477823,419.09676238318775,ABC_Range_Quartzite
252814.08911669083,6405084.328058686,411.2197969422316,ABC_Range_Quartzite
253345.28088292544,6407132.044517079,424.94968621023105,ABC_Range_Quartzite
254411.97760114953,6409987.451026999,446.2732701661871,ABC_Range_Quartzite
256777.81554668926,6414803.144840297,579.8596019108546,ABC_Range_Quartzite
256995.76510689902,6418076.088190638,619.2176275345623,ABC_Range_Quartzite
254448.9978376719,6417334.652203692,572.4685529398602,ABC_Range_Quartzite
252291.0096658208,6414172.898755949,471.5971914535532,ABC_Range_Quartzite
252669.69399576195,6410820.767053971,464.91302112950865,ABC_Range_Quartzite
253230.89834972954,6410970.266695252,457.6011708766705,ABC_Range_Quartzite
319505.49889266316,6420445.3792708535,249.46077878272285,Yudnamutana_Subgroup
318154.5654003194,6419817.629180506,260.8945271319938,Yudnamutana_Subgroup
317101.3151665004,6420098.3923876295,241.62318031566622,Yudnamutana_Subgroup
316975.4890995136,6420288.062877212,242.22145006021978,Yudnamutana_Subgroup
316791.12615700415,6421135.682278079,241.1169073467062,Yudnamutana_Subgroup
317353.8744983664,6422142.236615832,239.968435632044,Yudnamutana_Subgroup
317729.966272551,6422444.4522030195,239.11371512458967,Yudnamutana_Subgroup
317869.0212466383,6422601.220854145,239.82736796593605,Yudnamutana_Subgroup
320339.245883227,6422545.781293529,235.3837412083831,Yudnamutana_Subgroup
319630.30567962886,6421016.216680016,240.03178630315446,Yudnamutana_Subgroup
333262.4403253837,6453800.202290732,203.51020818595572,Yudnamutana_Subgroup
329989.1104119175,6453714.276627962,215.98116,Yudnamutana_Subgroup
330038.0347547309,6455230.849594553,219.71458041462324,Yudnamutana_Subgroup
331986.92006846063,6456873.198015943,221.4036534379576,Yudnamutana_Subgroup
333666.1757822437,6457579.957244754,212.71443409484687,Yudnamutana_Subgroup
334275.67740850453,6458316.500612645,206.5030996481961,Yudnamutana_Subgroup
336682.921539395,6455621.557342571,225.0088161898197,Yudnamutana_Subgroup
335008.98882659804,6455606.702714056,221.60518505327997,Yudnamutana_Subgroup
333264.8593829038,6453805.88856929,203.50458086221886,Yudnamutana_Subgroup
285042.361121557,6455212.861169896,651.1511687966967,Yerelina_Subgroup
285721.4871641395,6456377.991961451,714.1324663277419,Yerelina_Subgroup
286161.7886191392,6457846.9473783,746.2460719530212,Yerelina_Subgroup
286605.2561286086,6458336.085975628,781.564808149709,Yerelina_Subgroup
288557.2262425223,6458336.085975628,649.0621615493279,Yerelina_Subgroup
288329.597404168,6457627.420269288,666.0069027964953,Yerelina_Subgroup
288653.2845183867,6456368.007686433,616.7557443715177,Yerelina_Subgroup
287619.28796909255,6455797.686888678,679.7412396663784,Yerelina_Subgroup
287441.88196405,6455151.138168981,698.1501961931385,Yerelina_Subgroup
287826.5765391511,6453825.725133035,606.9143402736877,Yerelina_Subgroup
287862.9288242205,6452053.469642181,649.2863071862151,Yerelina_Subgroup
287981.0085937461,6449872.682066647,631.2816137852726,Yerelina_Subgroup
286491.04774130415,6443971.053101316,622.4683639387744,Yerelina_Subgroup
284062.8785276548,6436538.094740171,571.3371649352841,Yerelina_Subgroup
281748.5248828506,6432190.111801934,521.6415517503375,Yerelina_Subgroup
276969.0445189682,6425583.949461825,489.0815449494103,Yerelina_Subgroup
273924.69174961257,6421745.842241999,449.1051558829305,Yerelina_Subgroup
273039.963642729,6421019.045471029,454.45037575757556,Yerelina_Subgroup
272031.0555483018,6420348.458851919,503.02402977477357,Yerelina_Subgroup
270079.2655277946,6419920.683434803,459.60405994055265,Yerelina_Subgroup
268005.9670834621,6420776.742528002,448.14892068222434,Yerelina_Subgroup
267102.49950937554,6421740.570619816,437.53695749646505,Yerelina_Subgroup
266386.1890543568,6422658.29595398,423.60932684607,Yerelina_Subgroup
266388.2288324854,6424108.480074566,441.3518145364643,Yerelina_Subgroup
267702.4060125916,6426368.132676655,441.41873398930244,Yerelina_Subgroup
270396.5214049295,6430427.076444177,505.10643055261045,Yerelina_Subgroup
276215.6755099247,6436674.4419587115,518.0,Yerelina_Subgroup
278437.7903090255,6440108.3732447345,504.40335582210355,Yerelina_Subgroup
279977.527091056,6443271.836882604,538.9903710699903,Yerelina_Subgroup
281738.51940911554,6447834.9293790255,633.6154841979278,Yerelina_Subgroup
283352.38724308036,6451352.599895844,677.6971388985917,Yerelina_Subgroup
284107.2500385518,6454138.644230838,627.504765337612,Yerelina_Subgroup
284534.16151556745,6455289.75357401,637.2129215866372,Yerelina_Subgroup
313908.2571829905,6407926.2945230985,265.67570633990033,Burra_Group
314918.4286295206,6408151.76196916,260.916808319201,Burra_Group
315658.58026519604,6409486.868610993,257.6824302368485,Burra_Group
316677.1188997911,6410208.907988628,261.39819266158827,Burra_Group
317241.5108094405,6410764.005381319,270.70279047472985,Burra_Group
317534.44935283926,6411070.712798044,269.5568137678516,Burra_Group
312658.7864030232,6412386.944693213,274.42230027747934,Burra_Group
312730.853453908,6411443.231897602,264.7190064036126,Burra_Group
311881.09109731426,6409815.406278554,279.3056565854025,Burra_Group
311675.6762870618,6408575.717821668,279.8794914100363,Burra_Group
312707.25604910974,6408020.188265553,262.9686546084736,Burra_Group
311747.2767138788,6405084.328058686,276.08255167282186,Burra_Group
311192.3670178149,6406244.666233918,290.37134154839714,Burra_Group
311047.6595065318,6406325.094364593,293.40028121121924,Burra_Group
310101.6056414021,6406090.722495563,302.7256388717712,Burra_Group
309549.8826631493,6405218.382722293,299.75285579380375,Burra_Group
309707.6976097105,6418739.9841717705,282.1466454656847,Yudnamutana_Subgroup
308736.2005774941,6418840.539140999,288.21883180344116,Yudnamutana_Subgroup
307675.88947937894,6419289.5046134535,301.2185874449035,Yudnamutana_Subgroup
306756.58115419245,6420093.391842896,306.38778402474117,Yudnamutana_Subgroup
306954.26565896417,6421249.941220302,300.8163077644808,Yudnamutana_Subgroup
307377.12187247036,6422362.64993657,295.0732924829838,Yudnamutana_Subgroup
309881.0043016841,6422384.442617793,272.1999833917253,Yudnamutana_Subgroup
311485.7179861818,6422238.252298525,261.11059002397906,Yudnamutana_Subgroup
312001.94815924345,6421582.098259405,257.7627649483576,Yudnamutana_Subgroup
293538.5448488023,6455800.844622352,549.5263272363092,Yudnamutana_Subgroup
293283.3705582003,6455733.693334485,532.9520315834679,Yudnamutana_Subgroup
295349.3803906345,6457745.478092002,477.3174087503237,Yudnamutana_Subgroup
294706.48343948997,6456956.681896444,513.255366598967,Yudnamutana_Subgroup
294017.1635012976,6455978.290784743,545.7318448682322,Yudnamutana_Subgroup
296014.12645823485,6458336.085975628,437.8660068663095,Yudnamutana_Subgroup
295573.6937051843,6457979.54430672,457.19566016627647,Yudnamutana_Subgroup
295349.3803906345,6457745.478092002,477.3174087503237,Yudnamutana_Subgroup
293999.7717771554,6455970.837139804,546.3436036361903,Yudnamutana_Subgroup
293705.85664914845,6455844.874186513,556.6820275545086,Yudnamutana_Subgroup
308426.2107710587,6412269.058398448,293.48695315263825,Yudnamutana_Subgroup
310194.7969333107,6412805.988353875,295.98279199341357,Yudnamutana_Subgroup
310706.7255643903,6412963.648693862,290.8271507350066,Yudnamutana_Subgroup
311928.5085659871,6412947.310698792,280.23559864519655,Yudnamutana_Subgroup
312580.4524635414,6412572.708954843,276.1142126766918,Yudnamutana_Subgroup
299322.89038491214,6405084.328058686,346.82209692886386,Yudnamutana_Subgroup
300322.1299880011,6405818.2064750865,336.01665956622674,Yudnamutana_Subgroup
302243.1968816711,6406462.955755954,328.86022362267,Yudnamutana_Subgroup
312658.7864030232,6412386.944693213,274.42230027747934,Yudnamutana_Subgroup
308153.2095219889,6408034.765511846,331.44308636090005,Yudnamutana_Subgroup
305344.51458498836,6405851.764083536,382.38072784005686,Yudnamutana_Subgroup
303681.8233155947,6405220.514456093,346.5157299033304,Yudnamutana_Subgroup
267779.61497507046,6412591.940811481,432.5460218052316,Yudnamutana_Subgroup
269096.10686584347,6413718.878928196,450.00000000000006,Yudnamutana_Subgroup
268954.78723824205,6414600.38079209,452.86482591707613,Yudnamutana_Subgroup
268133.8715636659,6414506.256536899,441.2206556723303,Yudnamutana_Subgroup
267902.3426652573,6411378.191976713,430.3168373744238,Yudnamutana_Subgroup
267779.61497507046,6412591.940811481,432.5460218052316,Yudnamutana_Subgroup
267262.0958663782,6413953.381405784,428.237428181155,Yudnamutana_Subgroup
266109.09885262523,6415102.697351882,418.98853694816455,Yudnamutana_Subgroup
263945.28121728846,6419937.353032842,392.2435505599443,Yudnamutana_Subgroup
264544.18737920246,6419982.708180981,402.26710559940716,Yudnamutana_Subgroup
281878.4041125411,6410246.640999975,484.72533168306774,Burra_Group
281773.5383450305,6408893.5642069345,465.8491827962695,Burra_Group
283442.0153493803,6412561.861472249,474.2346682117981,Burra_Group
282239.4013564278,6411152.004490652,503.2004021771244,Burra_Group
271510.9791197406,6447336.968967242,451.3351821794256,Burra_Group
271475.5453358853,6446369.560767131,450.732708780468,Burra_Group
272435.9057725902,6458336.085975628,448.87251136353507,Burra_Group
272480.12229512766,6458255.45533151,448.4446593483185,Burra_Group
272984.4043250709,6458244.579712295,455.1747593883145,Burra_Group
270407.7336470266,6458336.085975628,426.83670381488685,Burra_Group
270588.66208720644,6458196.8947810065,431.0286429479269,Burra_Group
264043.32616795844,6449356.388340127,404.0993354816776,Burra_Group
264641.56922740175,6451110.542922942,407.6559591483983,Burra_Group
263590.0938794451,6451467.731057414,394.44737321184425,Burra_Group
263511.40985543345,6452143.560974573,393.6115084614624,Burra_Group
265322.56350911217,6454598.143277618,390.09922054454535,Burra_Group
265622.6263479054,6454895.83483796,390.8456951761733,Burra_Group
266479.3426943372,6454711.495626932,419.51093095306777,Burra_Group
266857.3268280908,6454028.035632305,415.3909924691604,Burra_Group
268161.42001388944,6455592.0105552655,413.78881491820164,Burra_Group
269141.6868037173,6458094.708579447,402.0,Burra_Group
275287.71456877724,6455586.047995508,512.8908008963679,Burra_Group
275437.0886634359,6451338.377669593,548.983339197818,Burra_Group
274250.8840179674,6451766.192174852,539.2341204507757,Burra_Group
273526.5602663123,6449672.439286083,481.86791277394076,Burra_Group
275565.7229061061,6448716.810405364,506.2599066560717,Burra_Group
268849.926228157,6445631.599276832,444.99627719150897,Burra_Group
268512.19707912905,6447072.815108897,442.40461661689375,Burra_Group
265232.2975072929,6447630.882283235,414.71554835822434,Burra_Group
275287.71456877724,6455586.047995508,512.8908008963679,Emeroo_Subgroup
275273.19571988855,6455813.506761197,512.1250767432871,Emeroo_Subgroup
274733.94433348085,6457688.048682295,493.3598889090856,Emeroo_Subgroup
275329.08836561017,6458336.085975628,506.10636748933473,Emeroo_Subgroup
275552.52996501396,6456336.28210403,521.8038567049305,Emeroo_Subgroup
275355.4701438846,6455739.3048275495,512.2287707824455,Emeroo_Subgroup
265463.410780211,6430964.250968022,424.7380962775037,Umberatana_Group
264653.5189801756,6429924.288906213,406.3298797673618,Umberatana_Group
263695.9089941973,6427426.785339985,388.9999999999999,Umberatana_Group
254293.14159267035,6442365.811852168,347.7993970828059,Umberatana_Group
255708.99547022895,6442190.281147777,358.2725231510102,Umberatana_Group
256137.4192933353,6442362.052222735,348.1948195708622,Umberatana_Group
257178.51454854233,6443238.071654343,363.8272538195013,Umberatana_Group
257657.75552113322,6443940.740153629,382.0701636798914,Umberatana_Group
274321.05424196506,6440983.363279857,508.55948366430806,Umberatana_Group
272949.6205334873,6437752.668810428,533.4113138197492,Umberatana_Group
272379.40105835005,6437967.169813756,517.4784573475481,Umberatana_Group
270726.5389657372,6438154.109537022,491.2049410053141,Umberatana_Group
274944.41849780537,6446650.407844847,474.51699395271163,Umberatana_Group
274852.880482125,6445358.778809911,479.60374581235305,Umberatana_Group
274391.1477442598,6441305.793196073,497.14446284337953,Umberatana_Group
254993.5398829249,6428569.246554425,328.47246881482397,Umberatana_Group
252936.10376527987,6427995.291188724,331.9242229518241,Umberatana_Group
252261.603474642,6428215.9127975125,325.86781939178604,Umberatana_Group
251726.4893037009,6428444.828279007,316.5251348663028,Umberatana_Group
250875.60001496837,6428425.996821982,305.1478383361133,Umberatana_Group
265306.08455614164,6414093.63389195,410.93631868977235,Umberatana_Group
262874.97805610596,6410153.316640134,498.0972630662383,Umberatana_Group
260713.64025599894,6405196.622181983,476.7692772319102,Umberatana_Group
271599.2088266486,6445716.496933304,453.7249273018166,Umberatana_Group
272299.3383433219,6445199.932754576,470.1225706725411,Umberatana_Group
273070.03542080126,6445494.307527142,472.00432821158284,Umberatana_Group
261067.65513942315,6458336.085975628,399.70771513690954,Umberatana_Group
260082.82531185233,6456154.527764179,385.9943717540566,Umberatana_Group
258001.23217333292,6452866.711996219,400.6189918562974,Umberatana_Group
257706.72985619135,6451287.209600598,385.9388956495043,Umberatana_Group
262027.52045321008,6449412.201445787,397.16090301632073,Umberatana_Group
262898.7758285274,6449357.700350683,404.15182379775024,Umberatana_Group
264043.32616795844,6449356.388340127,404.0993354816776,Umberatana_Group
263644.3444354615,6448979.982844329,403.28634799543056,Umberatana_Group
263544.24563556974,6448074.192937167,421.03037593148355,Umberatana_Group
270323.9508176359,6443455.910315642,494.5944901682792,Umberatana_Group
263544.24563556974,6448074.192937167,421.03037593148355,Umberatana_Group
260180.70017985685,6445320.633834001,427.6342319930743,Umberatana_Group
258363.25778079283,6445684.775536337,392.65784383194693,Umberatana_Group
256343.0238133617,6447391.329232285,365.16626306751976,Umberatana_Group
250863.12486691627,6441635.450452225,336.388513597955,Umberatana_Group
254293.14159267035,6442365.811852168,347.7993970828059,Umberatana_Group
257757.6643661559,6444244.429087965,384.0402214666404,Umberatana_Group
257900.05594243534,6444315.624669837,386.8368050287413,Umberatana_Group
258074.94392114785,6443878.402796617,381.4110076716749,Umberatana_Group
257687.93430482075,6442083.318500884,371.07895085066,Umberatana_Group
258415.34440317572,6440922.8780408,402.5151882019684,Umberatana_Group
259514.43221517338,6440885.064213928,409.8215430071334,Umberatana_Group
263231.07419918024,6443208.189193422,454.2325088081484,Umberatana_Group
264789.38926392526,6444511.378014509,432.2056765655615,Umberatana_Group
266459.61489756464,6444439.044975422,437.18565320165897,Umberatana_Group
268027.1917617768,6443215.817622427,443.4130044682437,Umberatana_Group
269799.41281770647,6441972.967851969,466.1520963217964,Umberatana_Group
270627.62250396283,6442263.926543236,478.9772188380547,Umberatana_Group
270654.3680603714,6443302.185614656,494.49561346730127,Umberatana_Group
270416.39917155774,6443453.38352401,495.9942298244862,Umberatana_Group
252543.82741671967,6438609.193112211,344.23597696753944,Umberatana_Group
253158.21052468545,6437861.4410279505,351.1002979497641,Umberatana_Group
255505.81557820027,6437340.562507632,432.83145074947345,Umberatana_Group
256209.83122687403,6439602.565685654,368.6350934114027,Umberatana_Group
253202.2210962692,6440274.632802237,324.59865587293893,Umberatana_Group
268520.47496908053,6435398.822398063,478.1189368786164,Umberatana_Group
267445.40743878775,6434056.105737458,469.307816005889,Umberatana_Group
266011.9881412179,6431668.665477194,422.98969232201864,Umberatana_Group
250805.1529856466,6433668.831728003,338.29445865774863,Umberatana_Group
252309.6414567755,6433534.371790053,450.888868368885,Umberatana_Group
252423.99058645125,6437934.379646046,349.988203419926,Umberatana_Group
250805.1529856466,6427741.691615488,318.9732654509463,Umberatana_Group
251545.78544249322,6427429.207688165,318.14003829795604,Umberatana_Group
252956.74904822645,6426908.972605044,350.7829529837589,Umberatana_Group
253520.50122177257,6426732.640493471,329.25444377043647,Umberatana_Group
257757.6643661559,6444244.429087965,384.0402214666404,Yudnamutana_Subgroup
257736.83589733564,6445166.55112098,389.8517977558354,Yudnamutana_Subgroup
257261.40402637186,6445354.498512568,389.5076621873036,Yudnamutana_Subgroup
256907.74297355316,6445314.374556113,401.74021342446974,Yudnamutana_Subgroup
255856.087828211,6445043.738533541,356.0849707911439,Yudnamutana_Subgroup
254328.0724787095,6443595.82935622,330.60655798844175,Yudnamutana_Subgroup
254192.9850876698,6442659.7459824905,338.9227599923619,Yudnamutana_Subgroup
254252.15876577722,6442415.229990906,345.03495449968716,Yudnamutana_Subgroup
255856.087828211,6445043.738533541,356.0849707911439,Yudnamutana_Subgroup
251746.96374392454,6442848.514001123,323.0,Yudnamutana_Subgroup
251484.8065555914,6442368.576098582,296.16035839793244,Yudnamutana_Subgroup
253814.80749802748,6443114.387141072,338.5680683980859,Yudnamutana_Subgroup
268849.926228157,6445631.599276832,444.99627719150897,Yudnamutana_Subgroup
269438.80864621524,6445016.993788038,451.26240423393676,Yudnamutana_Subgroup
269059.162165909,6443925.936105492,464.658728588876,Yudnamutana_Subgroup
269749.49779265944,6443229.262606388,486.0927707349082,Yudnamutana_Subgroup
270323.9508176359,6443455.910315642,494.5944901682792,Yudnamutana_Subgroup
263544.24563556974,6448074.192937167,421.03037593148355,Yudnamutana_Subgroup
264061.52632199327,6448059.196794315,430.3156346414496,Yudnamutana_Subgroup
264640.1440586706,6447524.445258675,420.8297038397281,Yudnamutana_Subgroup
260749.4345969816,6444571.819241984,417.5714119079314,Yudnamutana_Subgroup
259761.91836958847,6442058.628519347,394.0689861110305,Yudnamutana_Subgroup
263523.1708054864,6445282.942562587,436.238090095249,Yudnamutana_Subgroup
268753.14888932416,6445430.499524487,442.42331963726906,Yudnamutana_Subgroup
289464.85079693794,6436369.819199031,524.5196444472855,Burra_Group
288180.4654331424,6435733.719895359,516.0555698010919,Burra_Group
287756.21729585365,6434856.245541303,513.5240510961228,Burra_Group
287454.50556205807,6434374.018051961,511.4938993257348,Burra_Group
286484.7496685524,6433368.685150612,507.1790528875191,Burra_Group
285864.34521363874,6432263.301366065,499.61813434113236,Burra_Group
271528.0512583613,6426614.853143041,687.0629085361458,ABC_Range_Quartzite
272045.1834997322,6427745.891393332,600.6375087305144,ABC_Range_Quartzite
274692.2799418729,6430892.568350153,583.9769160155796,ABC_Range_Quartzite
276558.55748368823,6433700.226839319,560.7547312176796,ABC_Range_Quartzite
277228.3764049215,6434299.75695516,566.9313982463739,ABC_Range_Quartzite
275801.54527632426,6431480.087610716,575.052600749387,ABC_Range_Quartzite
274372.69320040836,6429436.208767323,624.1293681123856,ABC_Range_Quartzite
274246.34779373393,6428150.345953571,565.7402502814389,ABC_Range_Quartzite
275656.43887162465,6429340.878588951,539.0024806429856,ABC_Range_Quartzite
277585.811566681,6431096.544268056,555.8478415966124,ABC_Range_Quartzite
278029.4442710576,6431650.815865159,560.9082166879284,ABC_Range_Quartzite
280473.80782447045,6436057.414145239,539.8504632393895,ABC_Range_Quartzite
280831.1438728925,6436142.276252134,554.9155780625169,ABC_Range_Quartzite
280418.80159776565,6434642.237966541,566.1114817184327,ABC_Range_Quartzite
278908.08558237087,6431843.016767826,556.7503185919753,ABC_Range_Quartzite
275931.90823316947,6428352.402179711,569.4156953023896,ABC_Range_Quartzite
274002.2838946215,6426812.958975687,626.4228117376618,ABC_Range_Quartzite
272735.76275774464,6425879.006260516,610.750049172015,ABC_Range_Quartzite
271685.9334243254,6426102.733868308,675.3048385779639,ABC_Range_Quartzite
271543.1290897711,6426469.472057652,686.4697848320149,ABC_Range_Quartzite
326935.213946178,6432196.299466667,224.4825901521851,Yudnamutana_Subgroup
326438.7029707847,6431893.105421206,232.3110808672275,Yudnamutana_Subgroup
322573.0684479035,6428999.478761118,246.89364195834034,Yudnamutana_Subgroup
319107.4294025048,6424997.017189331,246.5181289164289,Yudnamutana_Subgroup
318879.67607664596,6425750.06615684,239.46825127243721,Yudnamutana_Subgroup
318907.80800604937,6425917.098191038,238.84903274037038,Yudnamutana_Subgroup
319844.7528218065,6427893.547211103,237.07152367425317,Yudnamutana_Subgroup
322125.7490920158,6428485.733081819,240.21507593345598,Yudnamutana_Subgroup
320688.185654365,6426388.444517959,237.06283683983023,Yudnamutana_Subgroup
327870.1548812587,6434673.771040642,226.85933125542272,Yudnamutana_Subgroup
327864.0692830396,6434018.342005113,222.06482,Yudnamutana_Subgroup
327429.68462018995,6433203.863666642,220.10317736576138,Yudnamutana_Subgroup
327045.22563499736,6432405.076081656,222.93678316096978,Yudnamutana_Subgroup
320688.185654365,6426388.444517959,237.06283683983023,Yudnamutana_Subgroup
320509.7494662163,6426076.28759881,240.32589465945173,Yudnamutana_Subgroup
319252.5588025861,6425097.41203609,248.0,Yudnamutana_Subgroup
286496.87196928886,6454067.114339371,674.7717992351976,Wilpena_Group
284439.5921179644,6439556.534961329,627.0177729653393,Wilpena_Group
278836.84793069353,6429002.251692907,503.4535215872776,Wilpena_Group
277687.02531179826,6427394.731026835,489.44218866780966,Wilpena_Group
274380.88096321875,6423680.964579871,523.0,Wilpena_Group
272776.6571316897,6421804.728157146,480.74045174817513,Wilpena_Group
271178.5227888855,6420781.084077688,498.07614125554676,Wilpena_Group
269885.3979069156,6420608.739302414,456.74142393159246,Wilpena_Group
267975.5678924972,6422237.716250757,444.7910469999048,Wilpena_Group
267127.09842067154,6423662.731453141,473.95660628308326,Wilpena_Group
272241.96414276795,6431476.158305472,537.6315391194626,Wilpena_Group
282748.6803527954,6448334.677165903,635.0363032116519,Wilpena_Group
283965.9365815396,6450982.073316829,688.8037344768003,Wilpena_Group
285323.06913690164,6453161.602845191,653.1432000650082,Wilpena_Group
285706.26469124376,6454405.509835063,679.0377900036607,Wilpena_Group
336682.921539395,6434634.306527091,242.38124050005834,Burra_Group
335925.28195205494,6434567.976319398,225.07610877207105,Burra_Group
335069.8315765835,6434625.192178713,224.0884957242369,Burra_Group
336682.921539395,6430111.649695353,242.9142865996718,Burra_Group
335979.991686019,6430793.436613595,238.2999428805985,Burra_Group
335926.8993835994,6430936.555818589,236.9406993075508,Burra_Group
336056.1542154072,6431643.838593502,231.60315697806914,Burra_Group
336462.0241241492,6431979.625807941,233.83023886083345,Burra_Group
325971.24507348286,6419124.62201025,274.7895747125258,Burra_Group
326435.39521927526,6420036.644881109,271.1696594733206,Burra_Group
321096.384105106,6419811.271130115,249.87040051847532,Burra_Group
320258.284575509,6420044.56771354,246.5780021206625,Burra_Group
319916.0315279886,6420450.317138677,251.4052102781547,Burra_Group
319505.49889266316,6420445.3792708535,249.46077878272285,Burra_Group
317869.0212466383,6422601.220854145,239.82736796593605,Burra_Group
318888.15338694456,6424230.548645589,235.8462424106286,Burra_Group
319127.3962736628,6424906.216701316,247.07876529246116,Burra_Group
326435.39521927526,6420036.644881109,271.1696594733206,Burra_Group
327039.68661102315,6421472.036523154,264.6234911522945,Burra_Group
326073.9963692583,6421777.089621521,262.8974092440924,Burra_Group
323691.6279501362,6421107.4553296445,255.2391962626648,Burra_Group
321760.3735141971,6421609.450556511,248.78044514304165,Burra_Group
320786.56766846555,6421201.709356794,240.15552295773438,Burra_Group
320977.772193453,6420240.018301614,246.09208430637602,Burra_Group
321026.17491898884,6419963.061769737,248.82658104142416,Burra_Group
320688.185654365,6426388.444517959,237.06283683983023,Burra_Group
321618.1014067537,6425041.703864911,236.38252257208453,Burra_Group
322994.6026009618,6424990.052945044,237.0,Burra_Group
324118.81987821154,6425540.302621498,241.165893379877,Burra_Group
325364.4305709193,6426186.814652929,230.11942002413684,Burra_Group
326287.9253355098,6425949.209855679,230.40864275698254,Burra_Group
326446.30826809467,6424686.649380287,232.64415843129723,Burra_Group
326791.8510606889,6423695.982663701,241.0,Burra_Group
329568.93828750594,6424675.301033538,251.13546705999187,Burra_Group
330566.18918919895,6425434.233193065,251.27777834410182,Burra_Group
330577.46873282257,6425670.221488722,249.23896080916376,Burra_Group
329894.4804386043,6426138.374865421,240.7662612731366,Burra_Group
328767.2328674216,6426910.809102927,225.49943690914716,Burra_Group
329421.7221806403,6427871.942901111,226.10836947841247,Burra_Group
330699.8976362491,6428399.554208017,226.84830571409535,Burra_Group
331554.9652801603,6428030.67921521,230.7060228752612,Burra_Group
331647.20704233105,6427234.817470738,234.14040574972984,Burra_Group
331935.4765639175,6426456.980225831,241.3657112252491,Burra_Group
333685.532086517,6426325.798495421,258.13592549492193,Burra_Group
336446.1468306414,6427367.735938393,260.075339393539,Burra_Group
304677.53576074285,6423566.217611114,348.91659188043053,Burra_Group
303698.0925467892,6422957.8033959605,357.96176913617757,Burra_Group
302915.4884492297,6421270.374836738,362.7406959318384,Burra_Group
300956.32963557565,6418527.148298041,414.66628682183875,Burra_Group
299929.66994293063,6416456.321794885,447.88471825878776,Burra_Group
300129.24165638967,6415991.202760791,426.0404686159377,Burra_Group
300934.2604426758,6416032.744642153,387.5630769866044,Burra_Group
302423.7985218606,6416852.769386293,343.4873459782099,Burra_Group
303658.38676468877,6417683.063444368,341.40968149506966,Burra_Group
304754.4641044702,6417112.291930929,334.5860471351523,Burra_Group
304700.0951269247,6416110.548627114,315.1777482084628,Burra_Group
304774.7294070078,6416032.310557319,312.1276358509534,Burra_Group
300791.54610824096,6411532.723008437,361.5979404465104,Burra_Group
301118.98211801995,6412634.816750852,364.1542126152343,Burra_Group
301444.64762849023,6413671.783142015,367.71965762771083,Burra_Group
300800.94235973875,6414333.071791597,398.6263288147034,Burra_Group
300033.18047343113,6414624.46293441,426.73175918252144,Burra_Group
298255.86297976295,6412559.848718673,462.0721292233822,Burra_Group
296989.97082654765,6411085.339701893,494.7516374184125,Burra_Group
297045.46407028043,6410160.0927760415,430.5149017509186,Burra_Group
298195.01377146866,6409439.864829515,392.46351579462686,Burra_Group
304026.8276261425,6458336.085975628,404.0850306442702,Umberatana_Group
303467.5263749055,6457557.057358944,365.69499620165755,Umberatana_Group
301444.03627475933,6457801.654749941,368.0200760151887,Umberatana_Group
315907.4565805206,6456235.845777562,296.56063378889405,Umberatana_Group
315556.3948775856,6457847.8488576915,311.62582543961184,Umberatana_Group
315458.20758469275,6458232.2871534005,320.1459693632673,Umberatana_Group
312543.5324532871,6442671.198676072,305.4552795103989,Umberatana_Group
313169.30347970803,6443993.974295287,294.8729791067832,Umberatana_Group
314196.96162624867,6444245.921816267,291.80624,Umberatana_Group
315440.9182252726,6444071.905256488,291.9030917308036,Umberatana_Group
315693.21804238553,6445377.982619045,286.6090415158026,Umberatana_Group
315154.431384051,6445880.156302299,284.2621236097719,Umberatana_Group
312964.79848842643,6445495.467315685,293.95492503326284,Umberatana_Group
311612.62586973165,6445459.52709029,300.35906955405585,Umberatana_Group
312065.637673815,6446281.473546246,295.97591609882863,Umberatana_Group
313183.5165029025,6446513.349928934,288.9305511019065,Umberatana_Group
314835.24600549485,6446961.430217082,286.5223369819477,Umberatana_Group
315984.38680144504,6448333.644439736,278.0175541291824,Umberatana_Group
315829.88882464945,6450832.336410996,275.5713081546,Umberatana_Group
317497.5813379985,6453149.088993194,279.9938840344898,Umberatana_Group
316592.77028581686,6456314.720336851,300.4448178341739,Umberatana_Group
331725.9961426808,6458336.085975628,214.39504151189834,Umberatana_Group
329849.6298396031,6457630.050003657,212.11440644891834,Umberatana_Group
327149.5888175389,6457062.351331741,236.79325056477853,Umberatana_Group
325431.84130881634,6456654.862038624,246.2031728710486,Umberatana_Group
324020.6102335951,6455483.341073897,246.02211502308515,Umberatana_Group
324204.5930347681,6454642.059075417,242.79370495364688,Umberatana_Group
324546.59441948525,6454452.532008057,238.78131682786707,Umberatana_Group
325089.1872111382,6454522.978030467,232.6032046211351,Umberatana_Group
326191.0889970049,6453431.039588466,230.42587846813228,Umberatana_Group
326859.2406134534,6451620.059533326,229.21158465775366,Umberatana_Group
328026.22189057,6449959.823884524,216.4855503212664,Umberatana_Group
325291.15230746864,6447507.572048567,218.84503275179605,Umberatana_Group
321664.3815012273,6443882.553149926,235.5838057243866,Umberatana_Group
263277.1835385992,6423355.763574885,393.2487976522234,Umberatana_Group
264057.314454986,6424383.176819388,400.66320057022944,Umberatana_Group
264415.4162014531,6425091.357057849,398.96415728403497,Umberatana_Group
265148.53712603654,6427891.222085154,422.6597294625251,Umberatana_Group
267048.9567317147,6431626.625431681,467.014797694611,Umberatana_Group
273155.9474822104,6435028.599912478,530.3861366186442,Umberatana_Group
277355.88791555737,6442403.494413026,500.59010823968174,Umberatana_Group
268591.35939264705,6407565.3092335835,444.62847901242185,Umberatana_Group
268110.4750986947,6409319.809305013,438.68453399945827,Umberatana_Group
270458.09214495955,6405084.328058686,480.9939130361347,Umberatana_Group
270017.0557920874,6405797.94933686,470.0,Umberatana_Group
269115.8714098091,6407041.749914119,449.9535508981623,Umberatana_Group
268702.02483965486,6407475.039058184,445.01940447466745,Umberatana_Group
294735.8607764452,6458336.085975628,461.56201893296156,Umberatana_Group
294172.81564982526,6457401.404422621,503.39578266524666,Umberatana_Group
293149.95328987174,6455933.818480998,519.1174334517818,Umberatana_Group
267902.3426652573,6411378.191976713,430.3168373744238,Umberatana_Group
269095.70070080995,6412057.082002316,456.51596665753084,Umberatana_Group
269734.6226959734,6416298.695567802,421.9031371386038,Umberatana_Group
269157.31676507916,6416207.571062299,420.9827900500212,Umberatana_Group
266048.97916379466,6416405.762379155,412.1604031996768,Umberatana_Group
265044.7231311783,6419744.144681743,402.9880509029808,Umberatana_Group
292999.13407084456,6455713.390440315,522.5814048143267,Umberatana_Group
290763.2720130567,6447206.635379766,679.6758601487536,Umberatana_Group
290757.04457355716,6447186.774325682,679.2293353801456,Umberatana_Group
285427.31779276475,6433186.584903488,545.1260672074649,Umberatana_Group
285452.06684640003,6432225.583116384,510.23349683018495,Umberatana_Group
278602.1184163226,6458336.085975628,539.283176110452,Umberatana_Group
278501.2280062255,6456207.882826704,595.1816541501747,Umberatana_Group
279096.9634865887,6456192.3196810875,587.0,Umberatana_Group
280156.2284744963,6457579.258410282,557.9952919490202,Umberatana_Group
276588.0860034119,6446372.083518073,493.2562485619742,Umberatana_Group
278673.36663458956,6450123.309590951,549.274775420179,Umberatana_Group
278549.6918485855,6451371.686881132,586.6012106594324,Umberatana_Group
278007.474947073,6454043.754593524,614.076690828677,Umberatana_Group
277120.9615152534,6457475.949007968,550.2714995103061,Umberatana_Group
277487.51328446716,6457886.699233811,563.607390520503,Umberatana_Group
264889.7312064322,6420190.020704313,412.3930140870824,Umberatana_Group
264810.8463906149,6422065.9617605815,397.9608114550821,Umberatana_Group
263788.40772336785,6422665.7140011415,394.46654035679126,Umberatana_Group
285711.24061188975,6432176.454288678,501.1433823283849,Umberatana_Group
284846.3177045982,6432062.806404203,505.5117314906747,Umberatana_Group
284246.4436060735,6431251.200817699,501.7831034949334,Umberatana_Group
283244.87781051756,6429716.101329251,489.57993284443285,Umberatana_Group
282099.35932577937,6427612.762738287,471.0466642830394,Umberatana_Group
281349.07894036884,6427294.641416395,468.99137627770403,Umberatana_Group
280616.92253081955,6427416.433231529,474.85091815835847,Umberatana_Group
279495.36846632615,6427139.818866221,480.3283188204314,Umberatana_Group
279686.19004898873,6425866.4687493155,470.5175994448628,Umberatana_Group
280052.64562371804,6425481.239213442,465.436941813649,Umberatana_Group
281644.1818791901,6425448.743384017,459.9535801797979,Umberatana_Group
282014.56692009635,6425210.025719991,459.10740781467166,Umberatana_Group
265962.4277863023,6429946.412541036,417.86533682037464,Umberatana_Group
265979.1348012063,6429988.599991369,418.5114168204999,Umberatana_Group
266857.5910309624,6431415.539055626,474.88480324510215,Umberatana_Group
317111.88912225614,6405084.328058686,315.1867428824346,Umberatana_Group
318924.127441299,6407410.688694682,298.81926025927316,Umberatana_Group
321706.1718806423,6410215.60044709,286.31809626568554,Umberatana_Group
324360.35603455384,6412395.9911440145,276.3341337251502,Umberatana_Group
326917.98106083216,6414278.0797307575,296.19536736985907,Umberatana_Group
327578.67495016113,6414711.708962756,301.913068746239,Umberatana_Group
329668.2102556582,6415917.232104006,309.77758243514506,Umberatana_Group
332807.71121158125,6418062.902005535,325.7262646534504,Umberatana_Group
334382.408115501,6419689.344673542,338.0,Umberatana_Group
336408.775396897,6422321.329095201,337.7111067960268,Umberatana_Group
333278.7664747323,6405084.328058686,343.6165001100784,Umberatana_Group
333181.00452406175,6405276.04976492,341.85896101296333,Umberatana_Group
330793.2502292101,6405611.302510666,327.80574610665224,Umberatana_Group
261472.09157653872,6415308.364108222,439.0871627113729,Wilpena_Group
257977.31837256346,6408393.818913141,476.83771410121733,Wilpena_Group
255558.7164269789,6405140.315556573,434.03168011213097,Wilpena_Group
253345.28088292544,6407132.044517079,424.94968621023105,Wilpena_Group
252729.9007263386,6407409.972689956,463.38675469731595,Wilpena_Group
252658.8261526026,6407402.869411193,460.7460822874374,Wilpena_Group
252642.80532854103,6407393.515774666,459.22141066604536,Wilpena_Group
251459.2527578719,6406180.07216955,395.13410228029886,Wilpena_Group
261576.30319301493,6421833.243463572,373.0300529575684,Wilpena_Group
261885.67088345689,6420950.984758267,395.33472203878637,Wilpena_Group
261939.58666505385,6418053.394987033,417.5261168203988,Wilpena_Group
261605.22394325476,6415632.515845049,439.40318232190486,Wilpena_Group
251018.04951345455,6406733.82373678,382.46408193947,Wilpena_Group
250812.43678483588,6407614.200687965,385.1974546291332,Wilpena_Group
250805.1529856466,6421706.429551373,350.54689159489806,Wilpena_Group
250916.28184985154,6421970.727433426,351.42223178278357,Wilpena_Group
252487.51709234904,6423736.291294214,362.9978987680796,Wilpena_Group
256495.62724609775,6430482.872538822,373.4951208155466,Wilpena_Group
256401.95439739205,6433522.462395059,388.8899690616285,Wilpena_Group
257801.9628142896,6436955.325351706,424.0421716789616,Wilpena_Group
262199.6788844232,6439596.13462899,437.0,Wilpena_Group
264590.1706459307,6439217.516202899,518.6692944254836,Wilpena_Group
265342.6595227289,6436715.998483956,515.2479169840365,Wilpena_Group
264601.3613170473,6434934.350100419,520.066963107565,Wilpena_Group
264049.0930362473,6434467.667666182,457.4637177603265,Wilpena_Group
256157.1112412724,6425977.966785464,329.3702995208625,Wilpena_Group
256073.51944017698,6423284.837721821,352.4314647597425,Wilpena_Group
257102.68983089327,6422557.446723163,397.7130958983306,Wilpena_Group
258598.56106568864,6423059.851909919,398.7226872188613,Wilpena_Group
260769.43585654252,6422909.190546634,380.4836777615945,Wilpena_Group
261531.236624838,6421975.0923128575,365.84814556018864,Wilpena_Group
256389.5706044664,6430147.395634457,369.47976257580984,Yerelina_Subgroup
255923.64378605664,6432207.352678802,361.33723906254625,Yerelina_Subgroup
256288.87241203545,6434711.778105651,384.82874154091246,Yerelina_Subgroup
257855.2459406308,6437811.353788469,412.1241706855694,Yerelina_Subgroup
262497.3095637866,6440238.683842437,446.4210718943073,Yerelina_Subgroup
264520.84148440755,6439871.733816588,491.6601282881805,Yerelina_Subgroup
265552.5441045319,6438890.096632748,511.57160149773335,Yerelina_Subgroup
265758.7309701521,6436224.868171912,523.4241735351208,Yerelina_Subgroup
265654.38018117344,6435820.508182835,527.1344644689381,Yerelina_Subgroup
264852.5345505485,6434447.37592222,522.5161652392409,Yerelina_Subgroup
262361.8132340959,6432403.910985477,421.43717374934516,Yerelina_Subgroup
258673.76920819332,6429314.1068723295,373.64490380863884,Yerelina_Subgroup
257002.8541525558,6427121.735130997,330.33808292824597,Yerelina_Subgroup
257140.04662320818,6424021.060900526,379.28266989368274,Yerelina_Subgroup
260535.65309315125,6423832.412362359,387.45797432079644,Yerelina_Subgroup
261444.5771885779,6422717.691612985,366.8312678389228,Yerelina_Subgroup
334924.9441942304,6434669.651430986,224.74292819754328,Yudnamutana_Subgroup
333854.3898029236,6435277.89964908,218.18098706386337,Yudnamutana_Subgroup
333819.92723102286,6435746.483479921,216.55421879597935,Yudnamutana_Subgroup
333970.46718364407,6436098.87706957,214.17892312785145,Yudnamutana_Subgroup
335374.4713698943,6436754.8142478885,219.67172751197148,Yudnamutana_Subgroup
335932.7763810217,6436775.315824341,218.95345941081544,Yudnamutana_Subgroup
336682.921539395,6435520.743271196,258.2666696341191,Yudnamutana_Subgroup
336385.2961074204,6435433.206637808,262.99742567818396,Yudnamutana_Subgroup
335383.8621137835,6434899.109891546,228.36076863017547,Yudnamutana_Subgroup
305660.4305120403,6424266.505327644,340.3846281386348,Umberatana_Group
304369.91738830507,6424278.503203724,373.0400655647142,Umberatana_Group
303959.0155455767,6424275.786716886,373.2130593047226,Umberatana_Group
302941.366524325,6424172.490859296,401.55026415125803,Umberatana_Group
301815.50264344347,6423837.93010089,423.84309431512,Umberatana_Group
301199.7909117864,6423585.055270474,478.5405860035079,Umberatana_Group
299797.81027144036,6422471.324011042,486.52269391389746,Umberatana_Group
297459.7732927538,6419578.354289524,450.8368985805304,Umberatana_Group
295915.72710295947,6416274.715700233,536.58672460164,Umberatana_Group
292240.55326405086,6406785.716388023,451.8901177868508,Umberatana_Group
294208.55576509866,6405607.024629226,433.5885625668203,Umberatana_Group
319854.28404011484,6428090.557815862,237.83007552959864,Umberatana_Group
319358.5552633692,6428685.046790353,235.64592628189996,Umberatana_Group
318193.67075105384,6429130.885341188,245.65432739772,Umberatana_Group
317371.6790412337,6429902.403710137,250.02509580729978,Umberatana_Group
315690.0558107889,6430800.848482542,263.36486851960586,Umberatana_Group
313881.7073652049,6430419.767754182,283.95288434657755,Umberatana_Group
311644.0385001301,6428715.7161121825,285.01817508506576,Umberatana_Group
310127.1340364826,6428351.977483386,303.06164226424335,Umberatana_Group
309770.80439140665,6427402.22553727,298.72048821591227,Umberatana_Group
308240.7170958931,6426516.188631315,310.3720805718584,Umberatana_Group
307353.2026547853,6425941.864222761,317.6565261459464,Umberatana_Group
307104.5804975786,6424998.521211206,314.40111816199874,Umberatana_Group
305995.8211982035,6424296.553049574,332.0208402971693,Umberatana_Group
289888.84681815864,6405084.328058686,407.6657644508597,Umberatana_Group
291366.1133054971,6410394.542151732,454.0,Umberatana_Group
292431.67354326707,6412346.8448673915,471.15541073550526,Umberatana_Group
292546.75008686364,6414668.704839026,477.47371401359953,Umberatana_Group
292796.6463029922,6416438.913834509,476.3588801041882,Umberatana_Group
292463.5234354298,6417646.5571215525,470.01579382751174,Umberatana_Group
291078.9145015642,6417939.402955294,471.49258911799456,Umberatana_Group
290607.78938573773,6417949.528703994,476.86802546316085,Umberatana_Group
295116.07360363554,6406190.140550232,448.850863546693,Umberatana_Group
294924.8577228078,6405868.15757538,441.9646298122876,Umberatana_Group
294776.8525290664,6405579.513980115,428.51668210528953,Umberatana_Group
327870.1548812587,6434673.771040642,226.85933125542272,Umberatana_Group
322847.0706051402,6430868.606882993,242.89581222739082,Umberatana_Group
324957.26899628923,6438738.431730997,214.47182313846662,Umberatana_Group
330123.4643952037,6437239.924322978,214.62157502892723,Umberatana_Group
327870.1548812587,6434673.771040642,226.85933125542272,Umberatana_Group
316634.283107754,6437108.062919648,259.057839716326,Umberatana_Group
316020.44242592785,6435787.608557962,266.7334156382264,Umberatana_Group
314531.654151325,6433682.923730884,293.67616495452296,Umberatana_Group
314274.03298182925,6432465.568659499,291.80198933799085,Umberatana_Group
314703.5917712222,6431982.335092706,280.5052402202345,Umberatana_Group
315566.1354403327,6431594.825149994,263.5659067923889,Umberatana_Group
317809.99303563195,6430863.394095421,248.71354469335753,Umberatana_Group
319963.6379214034,6431106.023224047,237.91194542212753,Umberatana_Group
319975.81935289083,6433129.204070577,231.70505806319517,Umberatana_Group
321020.98017023783,6435315.609903077,222.15151563069423,Umberatana_Group
321663.43757900724,6437007.419089224,220.64647878542553,Umberatana_Group
321857.3159429624,6437591.348708692,220.31266570322856,Umberatana_Group
317534.44935283926,6411070.712798044,269.5568137678516,Yudnamutana_Subgroup
319016.04182638275,6412981.092082694,258.2601489168671,Yudnamutana_Subgroup
319021.75638893025,6414476.014439093,251.5048361004038,Yudnamutana_Subgroup
318467.26802838687,6416300.11817026,252.05182254688228,Yudnamutana_Subgroup
318634.2856882705,6417225.88545577,257.65565013728803,Yudnamutana_Subgroup
318795.0881359007,6417407.171791859,259.08941600272027,Yudnamutana_Subgroup
320624.97865640384,6417853.133677794,265.3451150672353,Yudnamutana_Subgroup
324629.668353586,6417658.954124959,276.9832472906246,Yudnamutana_Subgroup
325613.1101274472,6418754.14069253,277.6151579309138,Yudnamutana_Subgroup
325929.8996416904,6419090.987136109,275.08016273085514,Yudnamutana_Subgroup
314093.0499581709,6405084.328058686,265.52684079191107,Yudnamutana_Subgroup
316555.20377946884,6408319.115758285,288.11615997205445,Yudnamutana_Subgroup
317465.14901729755,6409155.5319156535,281.6824220547927,Yudnamutana_Subgroup
317733.7900357474,6409871.108836845,278.40273648293527,Yudnamutana_Subgroup
317709.975392699,6410798.240797302,272.0,Yudnamutana_Subgroup
317637.1156193692,6410952.9034048375,271.0835326416525,Yudnamutana_Subgroup
325971.24507348286,6419124.62201025,274.7895747125258,Yudnamutana_Subgroup
327692.5068658496,6419530.519038323,289.32659697331474,Yudnamutana_Subgroup
334177.1474579995,6423744.271199545,287.75176623431014,Yudnamutana_Subgroup
321918.9037310685,6437745.582107281,219.8031280192272,Wilpena_Group
322224.1700848963,6439425.756473331,215.82881355027808,Wilpena_Group
323414.6702030613,6441309.174429817,213.1818737398067,Wilpena_Group
323611.08850746776,6442592.84687558,211.29037094444757,Wilpena_Group
325136.459198007,6441383.623702547,213.36592,Wilpena_Group
324743.3947172189,6439984.434117172,213.6127583672984,Wilpena_Group
324957.26899628923,6438738.431730997,214.47182313846662,Wilpena_Group
323405.3904983572,6437904.369037045,224.32088844140503,Wilpena_Group
322388.5133317801,6437664.307142193,222.97522606777068,Wilpena_Group
275144.7119791233,6405279.518028408,549.1172010639889,Wilpena_Group
274826.396072029,6405751.988983142,545.1613850949616,Wilpena_Group
274402.598346656,6405512.351062782,565.8813793111062,Wilpena_Group
273769.53559458646,6405084.328058686,583.4267453034442,Wilpena_Group
276026.6620051201,6415861.821129914,492.19334636075337,Wilpena_Group
277062.550118153,6417333.8693098035,485.69832836182957,Wilpena_Group
281697.0234820944,6423383.133401282,470.9946777560016,Wilpena_Group
286716.6162593089,6417466.867203571,464.1350401119082,Wilpena_Group
285582.17881223385,6419452.684586194,495.2778880301562,Wilpena_Group
281263.131883556,6415937.8074727375,621.910728248414,Wilpena_Group
275868.56489886146,6406828.688696428,536.3254729320217,Wilpena_Group
275270.9219692517,6405336.051997921,547.1138295011172,Wilpena_Group
290205.73379392154,6418000.018191457,482.0999375000958,Wilpena_Group
287626.3649514199,6414504.548265005,428.3110640859997,Wilpena_Group
286703.6136653328,6414880.86236041,436.9854447429201,Wilpena_Group
286397.67635581293,6415621.301643559,445.687206162849,Wilpena_Group
292696.69641551166,6432616.82957609,494.2162808995889,Wilpena_Group
294132.08371747035,6433546.889111041,478.46021065385577,Wilpena_Group
303171.3563644945,6439990.704251232,377.4857582629766,Wilpena_Group
305202.7247980981,6441068.436909319,354.70880473489666,Wilpena_Group
309033.57680342416,6442450.457418257,320.8722167638724,Wilpena_Group
308944.61164254346,6441071.420085644,332.11615378413603,Wilpena_Group
309209.05848762376,6440266.725531334,345.00328667410577,Wilpena_Group
311008.7880770172,6440367.45681358,333.7095233770465,Wilpena_Group
312421.6626899055,6441087.520787627,319.9121575859063,Wilpena_Group
312517.97809603816,6442556.034579152,305.4145440370569,Wilpena_Group
321220.72515180777,6440466.31429841,225.02613722489247,Wilpena_Group
319136.382796649,6438962.183953217,244.17718248329766,Wilpena_Group
316634.283107754,6437108.062919648,259.057839716326,Wilpena_Group
321642.06998518016,6443844.308286206,235.56084677154882,Wilpena_Group
320507.72016521916,6442707.1002710145,248.84514187000747,Wilpena_Group
320180.91990201664,6442325.138717525,268.8819538781211,Wilpena_Group
320274.810350636,6441713.812897674,241.35015155132075,Wilpena_Group
321465.66948163277,6441046.922747226,230.47876,Wilpena_Group
321451.72920040425,6440855.295521231,229.01470282713126,Wilpena_Group
312543.5324532871,6442671.198676072,305.4552795103989,Wilpena_Group
313856.37820872176,6443074.699567104,311.57908913487927,Wilpena_Group
317049.3218598524,6443615.19762931,306.3351417292849,Wilpena_Group
316634.283107754,6437108.062919648,259.057839716326,Wilpena_Group
310239.7994480467,6432709.809409421,402.23099469495725,Wilpena_Group
294212.32295349374,6422666.056740403,630.4206076475547,Wilpena_Group
290256.1860106519,6418076.677112436,487.4242083216746,Wilpena_Group
284128.1453369531,6425675.6012614705,465.5685061178281,Wilpena_Group
285010.86230599735,6425184.799622671,466.9249245702042,Wilpena_Group
285238.30371303007,6423830.949440339,480.00752869084795,Wilpena_Group
286342.37365025305,6424399.080026877,470.33155565686457,Wilpena_Group
287405.6345639565,6424163.431836279,472.70810969154957,Wilpena_Group
287919.46636719303,6424607.401811011,476.74754835130113,Wilpena_Group
287621.4457751021,6426077.890760761,471.7987772035215,Wilpena_Group
287698.36328256904,6426279.625322591,472.4181809064296,Wilpena_Group
288437.49257346103,6426571.643359697,482.92866640850923,Wilpena_Group
289975.9364602957,6426682.266657237,498.73852730650964,Wilpena_Group
289468.5795767274,6427720.544191189,486.86990418982515,Wilpena_Group
289693.50764500804,6428846.9150848845,487.1076583112894,Wilpena_Group
291877.9558116455,6430484.200311145,502.6880459212539,Wilpena_Group
292710.8604767417,6431544.989447025,504.26181659017936,Wilpena_Group
292703.51823621074,6432409.5021993695,497.23915711706934,Wilpena_Group
300021.96942908317,6458336.085975628,382.26891010026816,Yudnamutana_Subgroup
299926.1803019326,6457574.550844148,377.89894804702544,Yudnamutana_Subgroup
298962.5515476112,6455386.923097455,380.4322845677018,Yudnamutana_Subgroup
298209.4254388757,6455581.23668829,400.12070589298776,Yudnamutana_Subgroup
298547.1778493085,6457493.677128969,411.21552489259443,Yudnamutana_Subgroup
298602.68291227444,6457734.769246515,414.5633816915735,Yudnamutana_Subgroup
254842.89717771971,6458336.085975628,397.5412876422204,Pound_Subgroup
253914.9802338848,6456746.430111311,440.72160900279624,Pound_Subgroup
252000.7800945754,6453897.859543258,539.4892349025106,Pound_Subgroup
250931.99303036343,6452775.63543851,482.56853474209,Pound_Subgroup
250805.1529856466,6453874.324880334,392.7511628017029,Pound_Subgroup
252432.95939901102,6455819.255150296,428.54306856579535,Pound_Subgroup
253766.7878160027,6457403.171973942,414.4828274377485,Pound_Subgroup
259351.10321224225,6433305.974051687,453.46887493026907,ABC_Range_Quartzite
260494.06122227464,6435027.539928982,486.19541990783307,ABC_Range_Quartzite
261258.91073131337,6434996.732310806,532.350871783743,ABC_Range_Quartzite
261085.17709087802,6434076.925359631,574.7263855216798,ABC_Range_Quartzite
260616.57871876706,6433196.812170717,472.9437544065707,ABC_Range_Quartzite
257860.131143199,6430495.183193026,410.15042661139694,ABC_Range_Quartzite
255281.8444247134,6427791.435729415,357.64088114669096,ABC_Range_Quartzite
253613.62870610502,6425815.992959786,343.85597999384754,ABC_Range_Quartzite
250805.1529856466,6436657.550138169,357.2260860636893,Yudnamutana_Subgroup
251396.92571188134,6437542.005038539,371.20478995629827,Yudnamutana_Subgroup
252204.74886360893,6438738.006209359,343.77225667378076,Yudnamutana_Subgroup
292822.8173442764,6444099.757331046,504.7111838641822,Emeroo_Subgroup
292298.61314227077,6447393.293661509,548.7343491568661,Emeroo_Subgroup
292955.60045224597,6447445.788148948,531.1791794406963,Emeroo_Subgroup
293871.72696945595,6452082.6722884765,539.0571005445503,Emeroo_Subgroup
294060.74517994747,6454436.037693303,527.672421485969,Emeroo_Subgroup
294161.90040038474,6454779.964068385,525.7031468873552,Emeroo_Subgroup
298209.4254388757,6455581.23668829,400.12070589298776,Emeroo_Subgroup
295904.2321258783,6453782.610680753,445.64531444242596,Emeroo_Subgroup
295789.1713780316,6453313.456396197,444.9629132498337,Emeroo_Subgroup
295784.3492452984,6453293.794397643,444.92887274591715,Emeroo_Subgroup
294770.663161048,6449160.541404554,484.0382827725253,Emeroo_Subgroup
293975.92646253353,6447592.326255856,479.1065067276601,Emeroo_Subgroup
293967.9260723142,6447572.8024440445,479.417543388146,Emeroo_Subgroup
293999.7717771554,6455970.837139804,546.3436036361903,Emeroo_Subgroup
294639.7756196245,6455155.553385531,510.67627371407843,Emeroo_Subgroup
295226.3913276878,6455252.974388614,507.57349149661513,Emeroo_Subgroup
295462.5128268276,6455689.22126228,494.7598095190026,Emeroo_Subgroup
295329.09554061305,6457312.459149341,493.17107201225997,Emeroo_Subgroup
295306.85905770236,6457490.34956855,488.6937178431655,Emeroo_Subgroup
