X,Y,Z,azimuth,dip,polarity,formation
257766.72036254444,6456966.805898331,421.6105774012351,120,50,1,Umberatana_Group
256453.08385483557,6457632.902248731,411.5107809592294,100,70,0,Yerelina_Subgroup
254485.8262932596,6457412.807604319,421.9349617636443,90,65,1,Wilpena_Group
278469.95001046,6457491.186430197,564.7458665781475,80,35,1,Umberatana_Group
278342.4104559626,6457504.614801366,567.5517245424002,50,18,1,Umberatana_Group
278445.5915490772,6457629.105524385,564.005719039735,280,42,1,Umberatana_Group
278479.0268025957,6457839.721125774,555.3115673417128,70,52,1,Umberatana_Group
278123.79113418626,6457763.449664934,567.9587412787665,350,6,1,Umberatana_Group
277979.1848416288,6457978.961063796,565.7292847341739,155,8,1,Umberatana_Group
277972.4344843468,6458224.204578079,553.8948420130002,195,15,1,Umberatana_Group
275341.3019254479,6458018.113398697,503.85440352079263,200,49,1,Emeroo_Subgroup
275373.83879115887,6457854.196956689,504.4166071009225,215,25,1,Emeroo_Subgroup
275267.4777784316,6457802.599977909,502.57879817757146,215,38,1,Emeroo_Subgroup
275318.98663032986,6457738.945616009,503.4688181691348,135,22,1,Emeroo_Subgroup
275265.9580922816,6457351.93509212,515.8951412378581,260,59,1,Emeroo_Subgroup
275089.67699922854,6457547.742303204,502.8047118346552,265,86,1,Emeroo_Subgroup
275041.1442618269,6457497.74916775,503.11126122627047,90,87,1,Emeroo_Subgroup
275071.0119116976,6457742.69375504,499.1840700365029,95,82,1,Emeroo_Subgroup
275006.56513627386,6457844.22475018,498.070496031161,280,58,1,Emeroo_Subgroup
274802.5242074013,6457540.525024058,495.7281420481307,265,75,1,Emeroo_Subgroup
274714.50608182495,6457579.075860451,493.31263010971134,75,64,1,Burra_Group
274624.128616911,6457578.856248038,490.97371902042784,75,62,1,Burra_Group
274563.152962876,6457647.179695563,488.78928319539847,255,87,1,Burra_Group
274525.77862373576,6457665.657779777,487.7398742075607,90,88,1,Burra_Group
274455.5710594766,6457852.259615485,485.7685631250745,270,80,1,Burra_Group
274150.79521931254,6457440.26182162,481.22682829001,285,64,1,Burra_Group
273994.7060729853,6457478.753841529,476.35951301009385,270,68,1,Burra_Group
274388.84760168067,6458030.839548303,483.8950799298832,260,88,1,Burra_Group
273974.8252510311,6458274.414597735,472.3172649170572,260,76,1,Burra_Group
274148.3058741096,6458279.461939053,477.380225098708,255,78,1,Burra_Group
274302.5963052504,6458190.238916313,481.4290630156042,260,78,1,Burra_Group
274225.8795135906,6458247.562690362,479.6159535679576,75,86,1,Burra_Group
274746.1256140756,6458198.589601001,491.7797500555114,70,66,1,Burra_Group
274840.7452601263,6458242.500095757,493.3304647715124,90,82,1,Emeroo_Subgroup
275070.8059740872,6458254.226213995,499.1942703066487,275,82,1,Emeroo_Subgroup
275188.211485661,6458242.389483821,502.1308239690184,260,70,1,Emeroo_Subgroup
275193.49279933306,6458144.2144402,501.55814913180313,310,42,1,Emeroo_Subgroup
274871.9844421108,6457524.639522904,497.7683570385511,85,90,1,Emeroo_Subgroup
274956.1693439311,6457531.265863858,499.86503785999,85,90,1,Emeroo_Subgroup
275209.0368782482,6457536.947456976,506.15274158682746,175,75,1,Emeroo_Subgroup
274996.3015998324,6458254.249019457,497.2425686282951,85,90,1,Emeroo_Subgroup
256766.21392137895,6457793.927517268,416.4791944462913,85,90,1,Yerelina_Subgroup
257043.392496297,6457777.225758497,415.8634097443733,70,90,1,Umberatana_Group
274725.6155541743,6458236.854768156,490.5142314737878,275,82,1,Burra_Group
298595.0963369509,6458049.669214675,403.40276167052303,85,70,1,Emeroo_Subgroup
267158.4243684265,6405765.78651781,463.3370569987098,4,60,1,Burra_Group
267224.82296063274,6405608.330234882,465.62273465896783,43,68,1,Burra_Group
267429.7292442186,6405440.772887143,467.5716089261021,43,85,1,Burra_Group
267517.93627942813,6405409.421299202,467.40482077362407,18,80,1,Burra_Group
267608.7392618103,6405436.491091287,465.90921338723336,34,90,1,Burra_Group
278071.13225833944,6405552.253065856,489.0921609187708,270,70,1,Yudnamutana_Subgroup
278480.9691002085,6406351.020888675,504.0180504972024,280,65,1,Burra_Group
280992.6787900226,6408264.912585827,501.6350438204926,85,55,1,Emeroo_Subgroup
278728.2989965648,6408558.724222045,541.084161369193,295,80,1,Yudnamutana_Subgroup
276763.99636842613,6408716.038142396,594.6324399040649,295,70,1,Wilpena_Group
275057.9585436864,6405793.871579096,544.9638201472287,345,50,1,Wilpena_Group
272362.11359329685,6407138.102100257,501.17219643657626,80,60,1,Umberatana_Group
269287.2731042012,6405593.187612613,461.2831568683889,80,75,1,Burra_Group
266027.76729741273,6405711.396545449,481.88079073097134,65,10,1,Burra_Group
263410.5834092528,6405219.913125835,547.9914011112428,290,70,1,Burra_Group
262100.79058626835,6405886.075074454,535.06331492648,300,60,1,Yudnamutana_Subgroup
262028.85827233063,6409876.2231549565,487.8304550793355,295,70,1,Umberatana_Group
258389.8458063641,6409869.663149406,530.0680075946096,295,60,1,Wilpena_Group
255717.76107104289,6416259.998180019,524.9540996023601,290,35,1,Wilpena_Group
253982.71153694557,6418542.221060676,428.2866693285936,140,55,1,Wilpena_Group
252279.1728640798,6420297.337532923,372.9831064775812,310,25,1,Wilpena_Group
256714.72117037204,6421170.236279732,397.71503365040746,170,45,1,Wilpena_Group
256923.75915494957,6423396.604972154,368.70003609366006,175,30,1,Yerelina_Subgroup
256133.39584738403,6423636.183531363,352.0,220,40,1,Yerelina_Subgroup
254060.2445516209,6423868.489218269,350.3017589373195,275,55,1,Wilpena_Group
255356.0996316576,6426030.123287624,332.7564982863459,310,70,1,Wilpena_Group
251830.05242298573,6431032.478478804,318.1306283250876,95,25,1,Umberatana_Group
252963.93937869472,6431832.421565935,355.47364061607414,115,30,1,Umberatana_Group
254917.66310174027,6430404.033277193,337.9049319204556,15,40,1,Umberatana_Group
257897.14565142777,6428147.655157143,335.91198062220053,300,60,1,Umberatana_Group
257515.7108708609,6430355.251268912,399.4816576346004,320,70,1,ABC_Range_Quartzite
260849.22519838944,6430968.653711754,408.3824501965395,335,50,1,Umberatana_Group
260203.8806699566,6432938.271130884,518.6133249052991,320,70,1,ABC_Range_Quartzite
260301.55195387025,6434909.271468173,472.5196046811654,180,25,1,Wilpena_Group
260574.1866100629,6436583.485617202,461.7611610519335,165,30,1,Wilpena_Group
259323.01367444877,6437669.738000521,425.59052624349033,145,35,1,Wilpena_Group
258317.19397909148,6433515.763862267,411.5254459946941,110,70,1,Wilpena_Group
256689.64248016823,6433663.749518294,418.6913937997377,110,50,1,Wilpena_Group
254961.5320829636,6435348.733476849,415.0550265193814,115,65,1,Umberatana_Group
253098.3916089077,6435545.17640198,386.2074163714258,110,50,1,Umberatana_Group
251338.8943425665,6433391.39288591,368.8777460204364,145,10,1,Umberatana_Group
256455.7197882782,6439018.545668711,386.6892089943437,140,65,1,Umberatana_Group
251265.92339537025,6446183.083320922,337.6488691740098,325,20,1,Umberatana_Group
257827.0271895553,6456477.376815369,420.3628855872504,120,60,1,Umberatana_Group
257386.069143554,6453447.830042197,420.9662999901964,125,45,1,Umberatana_Group
256649.1099401339,6449118.630320843,381.3729395583483,140,10,1,Umberatana_Group
257390.7174545354,6447607.581999272,379.0852881058423,330,30,1,Umberatana_Group
255350.2303581442,6445584.33791386,385.1276535056521,345,20,1,Yudnamutana_Subgroup
253898.38232116727,6442645.705531763,330.7730185314366,95,30,1,Yudnamutana_Subgroup
256818.81617102496,6442187.109525707,359.9946162652818,305,60,1,Umberatana_Group
258951.71832197424,6444999.411028143,410.3610995929731,340,50,1,Yudnamutana_Subgroup
259687.7331715636,6443971.313804871,415.6389800821893,335,55,1,Yudnamutana_Subgroup
259913.39788745245,6448040.888862902,417.8875939553744,310,40,1,Umberatana_Group
262473.68967253494,6447419.729451689,416.9164556639788,330,20,1,Yudnamutana_Subgroup
262803.5602714156,6448541.59447759,411.81983764133497,310,35,1,Umberatana_Group
268432.2918791327,6451117.562415647,453.4714305878273,285,50,1,Burra_Group
270210.7477752373,6450551.637102265,492.89814808923575,95,40,1,Burra_Group
269219.2342627771,6450077.229356483,480.9238628125645,140,20,1,Burra_Group
269363.72914822376,6448032.459877816,454.4900370379693,265,15,1,Burra_Group
262502.5912732042,6443308.313700457,444.2977300384717,150,60,1,Yudnamutana_Subgroup
264430.02930947684,6443042.638288399,447.4662757489987,170,45,1,Umberatana_Group
266936.891109637,6444289.269417455,439.7832506410985,225,50,1,Yudnamutana_Subgroup
269822.47978601867,6444637.39035289,465.4173358573679,290,20,1,Burra_Group
270167.8144041237,6443350.919451591,490.1634182065697,85,40,1,Yudnamutana_Subgroup
270866.5712198659,6442246.272528271,497.703393771391,85,40,1,Umberatana_Group
271035.6663321167,6440818.121917449,483.22938526985047,95,20,1,Umberatana_Group
265269.1595482974,6439162.283070307,510.42071707813176,250,15,1,Yerelina_Subgroup
263566.84236356325,6439188.767715927,525.3435290964719,225,25,1,Wilpena_Group
268053.4776954788,6436223.848000942,501.4556678138033,300,60,1,Umberatana_Group
271191.0869786792,6437292.795848506,504.8473028953907,30,30,1,Emeroo_Subgroup
272180.61072820297,6436851.987006586,507.3290484372161,140,40,1,Emeroo_Subgroup
273155.97906369827,6434911.263451122,531.7403030359583,120,75,1,Umberatana_Group
269698.17682736897,6433514.860973084,501.8715906768474,135,30,1,Yudnamutana_Subgroup
266482.8620063684,6434211.871545219,451.8075144507427,310,50,1,Umberatana_Group
264176.2760705324,6432134.873254069,443.3992540669841,320,35,1,Umberatana_Group
264895.574037676,6430903.288568252,433.3203556029248,290,40,1,Umberatana_Group
263894.62095096294,6429602.682633415,395.1492487353598,300,75,1,Umberatana_Group
264604.95656040404,6428046.8227907,404.7820512296537,110,80,1,Yudnamutana_Subgroup
261891.5962843798,6427630.526657289,367.5878374226288,245,20,1,Umberatana_Group
261107.62120846487,6427329.970996147,360.75267720524266,220,10,1,Umberatana_Group
260799.87001820112,6425401.142733949,353.38254591112525,220,30,1,Umberatana_Group
261304.8272716333,6423487.33241318,360.4497693442587,255,45,1,Umberatana_Group
264674.28572179633,6423192.346653432,400.20945254906,95,75,1,Umberatana_Group
266540.9816458968,6424330.479401096,447.7152860131612,120,35,1,Yerelina_Subgroup
265313.123438261,6422874.923472333,401.49335266209386,105,45,1,Umberatana_Group
266545.0750172054,6422341.426842082,421.0,60,10,1,Yerelina_Subgroup
262515.59257116826,6419871.335059714,397.7085472660779,265,85,1,Umberatana_Group
264788.8285360971,6418821.323169095,390.5234253247432,40,70,1,Yudnamutana_Subgroup
269755.05545774795,6417755.208851147,446.1030014384319,10,35,1,Umberatana_Group
267500.5862070713,6417197.584851077,405.58526771099525,40,50,1,Umberatana_Group
264903.73508780927,6414958.679876264,404.3737314615605,250,80,1,Umberatana_Group
262589.7116106609,6413523.582698426,444.4049414893575,275,45,1,Umberatana_Group
263883.3936220574,6410416.864263223,475.1308640018885,295,45,1,Yudnamutana_Subgroup
270030.76643812074,6408276.440400077,462.7534090813179,80,45,1,Umberatana_Group
270892.78702487313,6408965.522026451,485.5351370606104,95,50,1,Umberatana_Group
269974.54978942976,6410373.022403594,465.5279046015538,110,50,1,Umberatana_Group
269186.2922361997,6410434.601322606,444.8819382626428,100,15,1,Umberatana_Group
267934.1646398711,6411603.496235477,430.8666883715547,140,80,1,Yudnamutana_Subgroup
269527.3914494271,6411683.760294447,479.5765542995283,140,25,1,Umberatana_Group
272554.7530874888,6410768.848611621,489.93281534008463,105,65,1,Umberatana_Group
273791.25561459514,6413114.135084505,482.3941906236349,110,50,1,Umberatana_Group
275526.2421985294,6415737.950724905,475.86921247978034,120,85,1,Yerelina_Subgroup
273317.8094698271,6416680.641544447,445.808618601553,110,50,1,Umberatana_Group
272291.5241632956,6420266.719204672,473.20735725945286,300,50,1,Umberatana_Group
279927.0994336759,6417944.9432295775,550.1816766021117,125,60,1,Wilpena_Group
286410.5259420703,6419119.029893711,481.0596057338729,95,55,1,Umberatana_Group
286046.7323016428,6419274.052904341,480.3581499021182,320,45,1,Umberatana_Group
283191.69970719505,6418475.048801545,543.2612615747543,320,70,1,Wilpena_Group
282912.83607133455,6418974.145852212,539.3728215510392,310,65,1,Wilpena_Group
281952.65416643163,6419072.111980831,527.5823248644424,305,10,1,Wilpena_Group
280678.9915625473,6419370.072163082,518.577494351298,120,80,1,Wilpena_Group
278946.7577393889,6420324.143553525,469.47495808800926,130,60,1,Yerelina_Subgroup
284259.7075289892,6424923.905441977,466.6437997261861,125,65,1,Wilpena_Group
281027.0422789208,6423288.384374424,469.3400560409767,130,80,1,Umberatana_Group
277116.00543696847,6422096.964715648,489.5996922520771,120,40,1,Umberatana_Group
276990.83170036704,6423569.961031042,464.4173483139687,300,45,1,Umberatana_Group
275723.1536037588,6424446.275563417,496.6252982807104,300,55,1,Yerelina_Subgroup
276339.77628280234,6426575.311088176,512.8812777759606,315,60,1,Wilpena_Group
274772.6782168595,6426978.272032069,547.7167316097239,325,65,1,Wilpena_Group
270456.7688599839,6430008.63215402,492.3550317460665,130,80,1,Yerelina_Subgroup
276567.38707763795,6430473.315881019,534.4592741304849,315,25,1,Wilpena_Group
279227.23895796423,6434390.644324017,556.5564518371134,300,25,1,Wilpena_Group
288769.20544889354,6436874.233508518,539.3003052080716,230,40,1,Burra_Group
287153.86496449576,6436514.078331076,548.283763024257,275,75,1,Burra_Group
285802.051537814,6438616.066857548,563.7398759597032,295,55,1,Umberatana_Group
276053.61419341195,6440762.984259137,501.3197457776771,310,80,0,Yudnamutana_Subgroup
274527.94666695915,6440886.744989341,514.239459147643,280,40,1,Emeroo_Subgroup
273331.37260835594,6442189.522559907,490.2396533082597,280,30,1,Umberatana_Group
278906.234802637,6443938.773566024,525.5808571751536,275,75,1,Umberatana_Group
281343.9468870723,6444034.343835585,577.8049495917242,125,35,1,Wilpena_Group
280462.7346193904,6447164.374178754,550.0424815074407,120,45,1,Umberatana_Group
281430.5562395145,6449125.575697796,583.0313667982596,120,35,1,Umberatana_Group
277612.9124592861,6445374.052140916,503.0,95,70,1,Yudnamutana_Subgroup
273786.735012563,6445626.008916687,480.5705589399797,265,15,1,Umberatana_Group
274252.4876534166,6448706.764486266,490.8226112244004,275,15,1,Burra_Group
273559.10124565754,6452614.1245976295,544.692035692485,255,10,1,Burra_Group
274702.21453723643,6453166.30949362,532.5551373136061,260,20,1,Burra_Group
275358.3852518989,6454081.947268928,531.0,255,60,1,Burra_Group
277526.9060228188,6456017.743977506,567.7807599140012,170,3,1,Umberatana_Group
279955.1767311912,6455827.227854298,580.4405757230193,90,25,1,Umberatana_Group
278300.2893928638,6451780.71994615,583.3035784169715,140,15,1,Umberatana_Group
279343.30957065604,6452744.984508133,621.013072911694,105,45,1,Umberatana_Group
281895.7507304946,6453896.722404829,633.1368511957394,100,25,1,Umberatana_Group
283128.32317469304,6453852.459962104,619.4297054809944,120,20,1,Umberatana_Group
284773.11606598215,6456583.374165501,688.3053883102904,0,90,1,Umberatana_Group
285451.2884014632,6453978.590029422,669.9949872215653,0,90,1,Yerelina_Subgroup
288148.78568071,6456301.25270731,700.3578827867568,270,25,1,Yerelina_Subgroup
298239.9684959691,6456896.856623148,402.347081750268,100,80,1,Emeroo_Subgroup
296056.6982442745,6455679.136778163,457.3791815152835,100,90,1,Emeroo_Subgroup
294380.63821100537,6455083.2251519,520.4690009741408,75,45,1,Emeroo_Subgroup
294642.78597729054,6453300.203450883,497.0618935021432,255,50,1,Emeroo_Subgroup
292880.04666500085,6453059.218483817,563.6758690221635,285,60,1,Burra_Group
288675.2940077485,6454177.810343403,563.668681594087,285,40,1,Umberatana_Group
287560.6920825032,6451185.635711232,676.0052720847802,275,30,1,Yerelina_Subgroup
285905.36676722555,6445003.8410029095,665.1295161200885,285,55,1,Wilpena_Group
289145.00643797347,6444948.983305662,631.7432402799775,290,70,1,Umberatana_Group
293854.40433492366,6449015.037124816,555.8612919443169,275,45,1,Emeroo_Subgroup
291558.47620562004,6444942.633937301,550.6353824371463,270,65,1,Burra_Group
291872.1602500739,6441457.073085783,527.3966163614214,250,25,1,Emeroo_Subgroup
292610.5314192717,6440225.6966908,529.5744294619284,165,50,1,Emeroo_Subgroup
295770.54685990955,6441555.436646698,467.8011229128736,150,70,1,Emeroo_Subgroup
296633.93359071936,6443216.767995371,442.2799364284524,155,45,1,Emeroo_Subgroup
300411.84320944606,6445474.503133016,394.8602261969637,40,20,1,Emeroo_Subgroup
301295.01746736607,6447078.8393324055,362.9659337493432,80,45,1,Emeroo_Subgroup
303160.62046631915,6445579.675735312,343.5622524529471,120,70,1,Umberatana_Group
305429.4699900911,6445451.099405982,332.2564158602178,140,10,1,Umberatana_Group
315800.19372574065,6456923.095638389,298.9163500000001,85,40,1,Umberatana_Group
316629.0733128748,6457732.555252329,307.3896941980468,130,15,1,Umberatana_Group
321291.94880992576,6457082.616901031,289.068702550759,350,20,1,Umberatana_Group
328604.0902534665,6457985.756699604,239.3484208989468,340,40,1,Umberatana_Group
334740.5525635337,6457866.139346752,206.17505349511316,345,40,1,Yudnamutana_Subgroup
335128.11209260847,6456764.461407127,224.4262139718064,335,30,1,Yudnamutana_Subgroup
324778.0676893223,6451139.300659139,263.611274437879,205,30,1,Umberatana_Group
323343.5019567886,6449446.427159607,263.3707050323843,200,25,1,Umberatana_Group
322037.2892631093,6447087.697878812,269.54028019040067,195,40,1,Umberatana_Group
320549.4327598669,6444511.057246437,268.60899686597975,205,35,1,Umberatana_Group
316985.9178322683,6447282.314238856,290.8926222033264,170,30,1,Umberatana_Group
317352.6661738519,6446332.992754369,303.5655396739777,155,25,1,Umberatana_Group
312870.7873989124,6437458.641015388,355.4298663825949,335,25,1,Wilpena_Group
313474.5316980295,6436880.381368762,344.5673,330,75,1,Wilpena_Group
313503.7767742769,6436003.715110667,347.89733908918123,330,75,1,Wilpena_Group
308314.08416569245,6436629.032499546,448.0310863076762,150,40,1,Wilpena_Group
307002.6392395281,6437987.828075677,439.7794992026295,260,10,1,Wilpena_Group
303122.4327211536,6437966.022921394,401.1777245973674,155,40,1,Wilpena_Group
304609.82276728627,6434047.97500062,437.8223944445198,335,80,1,Wilpena_Group
303581.5799848475,6435079.3775321,434.73272622426174,330,40,1,Wilpena_Group
303108.3483084254,6434273.672670139,473.8627278078359,145,65,1,Wilpena_Group
300755.1785640458,6435646.999082478,564.5913409107784,145,10,1,Wilpena_Group
292577.6384126791,6438147.243953369,516.5920111964564,155,80,1,Burra_Group
293822.029309849,6436006.001061946,483.8528399060104,155,80,1,Umberatana_Group
293657.0271438041,6431098.315733693,521.5713693345256,325,50,1,Wilpena_Group
293803.4188588321,6430521.481044834,523.6531452918874,140,30,1,Wilpena_Group
294068.8704676609,6430092.164032903,531.071301768983,295,45,1,Wilpena_Group
291698.1225207718,6426978.720973151,524.193715366836,315,70,1,Wilpena_Group
291943.8525685972,6426606.290650511,531.8102837194497,130,40,1,Wilpena_Group
293763.95772473444,6426828.872867432,572.9151839821557,120,50,1,Wilpena_Group
308231.05831332284,6428500.15597185,332.0946492804187,0,30,1,Umberatana_Group
309172.6270411876,6427817.318977189,317.8109516613507,335,20,1,Umberatana_Group
308906.03724962776,6420182.256846514,301.5127170711348,0,90,1,Yudnamutana_Subgroup
302982.3825003488,6423297.34737052,409.2168934568193,170,30,1,Burra_Group
301828.7915384396,6424727.729242751,460.5132061885451,335,25,1,Umberatana_Group
300750.2004778176,6425726.767005369,613.5580246482552,320,40,1,Umberatana_Group
294545.1272483735,6423564.312084963,628.1012854799571,300,55,1,Wilpena_Group
293742.965955892,6419920.771687169,515.0339817841154,290,80,1,Umberatana_Group
295568.1105630324,6421344.459797995,506.07735437445456,310,60,1,Umberatana_Group
296857.6789221936,6421313.623140454,501.081456983246,305,55,1,Umberatana_Group
299944.0956371194,6421333.417135017,461.2393130622874,315,40,1,Burra_Group
301909.19074722496,6422192.944540929,445.3735448644551,335,25,1,Burra_Group
301322.1146677985,6421341.591536989,426.5270800088448,340,10,1,Burra_Group
300286.383901039,6419208.120858965,412.6717069330823,130,10,1,Burra_Group
298180.29724350106,6419001.640702561,439.9642042936494,300,50,1,Burra_Group
296977.22734611447,6418690.272090691,482.8542930346951,295,65,1,Yudnamutana_Subgroup
296662.3274107836,6416831.312384586,534.9691114936526,295,45,1,Yudnamutana_Subgroup
297850.4741884378,6416786.581809039,496.1718742365938,295,10,1,Burra_Group
301527.3448732075,6415732.3230608255,375.4235642596269,130,25,1,Burra_Group
296240.52874616534,6414875.874880291,565.9848836540373,295,30,1,Yudnamutana_Subgroup
297620.2323445009,6413117.348793166,585.5187335017654,290,20,1,Burra_Group
296651.8803311875,6411734.4904262535,596.0388918904325,310,30,1,Burra_Group
294460.71383915807,6412829.826244344,546.652753479277,295,60,1,Umberatana_Group
294597.1679659763,6412024.26556295,561.0617606666444,295,20,1,Yudnamutana_Subgroup
293875.2265306293,6411845.08204612,539.2180792012023,285,55,1,Umberatana_Group
294163.57959103404,6408905.7714430615,539.9966384985207,290,40,1,Yudnamutana_Subgroup
295311.1945819857,6409070.343463149,516.6048182229871,230,35,1,Burra_Group
294947.517430085,6408125.999027541,537.8495317882454,140,60,1,Burra_Group
292047.3019018263,6405756.792285476,450.3483502128023,265,45,1,Umberatana_Group
315119.64860372257,6408008.035424639,264.4478293932429,100,5,1,Burra_Group
312617.0306029785,6406945.8243832365,300.21923904389126,80,40,1,Burra_Group
311566.6938496181,6407697.363490464,296.73105984283376,100,10,1,Burra_Group
309597.22453533986,6407212.728172569,328.22598622678447,310,45,1,Burra_Group
305245.19410762377,6406804.6141634,358.0,345,50,1,Yudnamutana_Subgroup
307056.07457039325,6408908.082908253,351.7096934797765,280,20,1,Yudnamutana_Subgroup
310348.84980092803,6410830.286672263,334.4326154180744,320,25,1,Yudnamutana_Subgroup
310818.39554515143,6410320.486899358,334.87497445510894,320,15,1,Burra_Group
320105.8832369882,6412299.356468765,270.38287668477966,135,40,1,Yudnamutana_Subgroup
321935.5338649109,6411708.628503103,270.2264515662926,140,45,1,Yudnamutana_Subgroup
327220.9705921256,6412679.412309018,276.9292488170965,150,30,1,Umberatana_Group
332255.2833894659,6409586.754788375,304.21223495038674,335,55,1,Umberatana_Group
333746.37503496674,6413517.113898782,336.36229543521614,130,10,1,Umberatana_Group
330366.3151775224,6416894.131462285,318.58546635398307,145,35,1,Yudnamutana_Subgroup
329865.1945998297,6417937.378181469,335.5144004139874,140,20,1,Yudnamutana_Subgroup
326743.060242185,6417173.667315625,303.59835258169,130,40,1,Yudnamutana_Subgroup
327361.0451149407,6414822.538435774,306.6224768122502,150,70,1,Yudnamutana_Subgroup
322815.32828648435,6415232.145500025,292.0489607088904,315,5,1,Yudnamutana_Subgroup
321696.6818739987,6417482.704281358,276.24709786880004,180,5,1,Yudnamutana_Subgroup
324945.73216984846,6423700.391511766,291.3677827020159,275,10,1,Burra_Group
322257.8302428996,6422737.842957955,244.1674935898911,320,50,1,Burra_Group
318714.15962036466,6422179.435917299,251.0061168304197,150,20,1,Yudnamutana_Subgroup
319861.875866727,6424511.037108838,241.7863507443797,320,20,1,Burra_Group
322328.91552074824,6429709.984583268,247.21536266866525,330,70,1,Yudnamutana_Subgroup
324122.1317603806,6430059.308440451,257.71316751308893,300,70,1,Burra_Group
324217.77760093485,6430575.13131003,263.1860812177462,295,20,1,Yudnamutana_Subgroup
324693.39226585755,6432270.479757121,260.78941526632644,330,70,1,Umberatana_Group
323876.7467201994,6436939.16539078,219.84060771660768,335,60,1,Umberatana_Group
327093.8399734573,6435555.928311599,238.9889654454112,355,75,1,Umberatana_Group
334021.80356561195,6435635.32546478,215.353345574788,350,70,1,Yudnamutana_Subgroup
336405.13864987413,6431682.232235815,234.8103677047829,180,5,1,Burra_Group
330279.0848140136,6427645.72711914,232.94491411349813,325,15,1,Burra_Group
332651.0634870422,6425204.99899234,257.60335660485123,160,35,1,Burra_Group
334357.39609398023,6425922.057375342,270.73710588783075,160,20,1,Burra_Group
264481.167533103,6440838.017176915,461.3610472895035,175,20,1,Umberatana_Group
281275.35943703057,6436846.0822585095,579.349603149518,295,55,1,Wilpena_Group
305231.8579330483,6432986.932244526,408.4742216469481,335,60,1,Wilpena_Group
259308.7655160211,6412758.1776737,518.7647879025069,300,50,1,Wilpena_Group
254837.06791760787,6407906.687886109,450.54821076063126,295,45,1,Wilpena_Group
253661.8255664501,6406305.509604337,427.4714472692136,300,75,1,ABC_Range_Quartzite
306028.4294560882,6414211.653284676,291.9111537787928,304.44518205969746,7.948620842378361,1,Umberatana_Group
305969.24773550755,6413502.180113428,286.97004536463163,229.71510567198084,7.947977150984016,1,Umberatana_Group
307329.3997989197,6413087.040361184,286.9057437978203,225.40133418107268,7.946854818825557,1,Umberatana_Group
307809.2644018979,6412613.160219062,293.0662966925336,244.77549280920493,7.946155034628006,1,Umberatana_Group
303797.5045379864,6408313.632649954,333.386520280167,51.04662060595564,7.946374417403533,1,Umberatana_Group
302415.4383593825,6409624.217703626,329.1318169588254,71.47241341014296,7.948127870351087,1,Umberatana_Group
272778.8246990393,6408410.856184337,503.0745574298514,86.56769145303241,7.9624756235276095,1,Yerelina_Subgroup
273097.66205650044,6411151.875994809,494.64710227459307,106.888926889505,7.964772766134999,1,Yerelina_Subgroup
274770.5807179484,6414851.138438137,468.9520441078646,121.3775857285496,7.96699753003935,1,Yerelina_Subgroup
280723.3250954898,6422939.017985439,466.4546119489781,139.04513112542958,7.970107369800203,1,Yerelina_Subgroup
283067.1866950757,6425310.82039519,460.1239854727414,134.3009329199038,7.970400890090488,1,Yerelina_Subgroup
283027.0496200508,6414000.486394732,493.7305324396731,327.9714003253212,7.962643709733086,1,Umberatana_Group
280748.9728027526,6412237.269907068,576.4792635572901,312.2977675683369,7.962668626344339,1,Umberatana_Group
277979.41099519754,6406734.387374133,492.1813891771536,292.6815562955801,7.959305566762296,1,Umberatana_Group
326091.0482902803,6430503.920553688,227.05876867524748,304.13867081301714,7.939668840281797,1,Burra_Group
324371.83271748334,6428795.739338366,229.92687576604231,333.21556431495645,7.940491970750202,1,Burra_Group
322629.4393387233,6428428.122999803,232.9751288921099,4.1909278284192055,7.942139295722768,1,Burra_Group
265604.67488267267,6429963.865224222,412.0274776092447,227.92615610185,7.979931907428721,1,Yudnamutana_Subgroup
297919.9083761637,6408514.025736798,382.4254114994743,304.44519165035416,7.950058098341586,1,Yudnamutana_Subgroup
303636.4749044247,6423486.60527854,361.5450314921157,351.9578382631853,7.955842833215129,1,Yudnamutana_Subgroup
302916.43620113947,6423461.450262589,410.9467642557363,351.0207119447834,7.956222696433272,1,Yudnamutana_Subgroup
302369.9544110496,6423315.605556224,433.5013375642415,343.3895535085184,7.956600221288298,1,Yudnamutana_Subgroup
301154.92687312176,6422742.875648771,466.5429203859136,322.07013115374536,7.957439509011607,1,Yudnamutana_Subgroup
298839.9575787287,6420525.430539019,428.32912684432927,304.1386915684094,7.957429212122889,1,Yudnamutana_Subgroup
297933.0425154658,6418366.330514879,471.0384075486117,284.5999204926129,7.956895925056557,1,Yudnamutana_Subgroup
296730.29503644496,6414195.790860441,578.1367590713663,286.3252263377089,7.955280974624785,1,Yudnamutana_Subgroup
295796.55938261724,6411339.246232654,638.5064604788947,291.5687549510593,7.9538254611164945,1,Yudnamutana_Subgroup
273559.8850716211,6435684.7269054,527.3091842492865,158.81176569521313,7.980495270897606,1,Yudnamutana_Subgroup
267407.8495149262,6432869.527617846,463.209697593264,127.88023240779438,7.981076868283182,1,Emeroo_Subgroup
269261.239694559,6434702.537218673,481.2464757701007,101.08343924923749,7.981645752267937,1,Emeroo_Subgroup
305854.9687571262,6415619.594837591,302.4752031056502,209.21325183003728,7.949566244006007,1,Yudnamutana_Subgroup
261093.74342557363,6413261.403006252,460.9104643895949,289.39975796011663,7.969148684355559,1,Yerelina_Subgroup
258651.90896062856,6408282.5618767,469.70016989362216,301.9863614021775,7.965238587953195,1,Yerelina_Subgroup
281171.1971492516,6409113.849227687,506.3681492297683,193.0542131075092,7.960100553332083,1,Emeroo_Subgroup
282743.5153099133,6412791.129200775,521.0171551864047,354.8584713015174,7.96213374623558,1,Yudnamutana_Subgroup
281252.0739222735,6411684.794654422,568.1413930807892,311.57328343937456,7.962060987890922,1,Yudnamutana_Subgroup
279753.9968833657,6409374.311346522,564.5681136767073,298.5114254599225,7.960742900806125,1,Yudnamutana_Subgroup
263584.40245175234,6408821.060767524,513.4765688358447,295.17782408554945,7.965047923973245,1,Yudnamutana_Subgroup
297486.5472967259,6439168.51408172,470.8873408098537,145.61681770868512,7.967549007020565,1,Umberatana_Group
298796.9099975277,6439901.558062282,455.8969430093009,143.7510013366341,7.966948666788483,1,Umberatana_Group
301327.1709913427,6442557.928671274,388.1825990597448,133.86499512431158,7.96533161840307,1,Umberatana_Group
302716.99388611864,6444510.446356444,361.6979107819256,117.8966482343282,7.965035987554756,1,Umberatana_Group
303048.99766795145,6445865.78592387,344.1925536585732,73.33208710023132,7.964967351783272,1,Umberatana_Group
302678.3007701097,6446692.777769013,353.43703494913007,74.64271433451512,7.965588976282248,1,Umberatana_Group
302596.9639352091,6448366.957806464,344.22320981348486,107.60340674224052,7.965871124421525,1,Umberatana_Group
305545.7118311876,6447796.903336862,323.02778379862195,146.0249706801747,7.96326191146062,1,Umberatana_Group
309505.9744017726,6447470.548960397,302.48107656817353,264.63892645398244,7.959699085055249,1,Umberatana_Group
308914.9348300833,6445594.740026573,307.20187921655287,316.2110543169323,7.959848628072251,1,Umberatana_Group
306386.01213626005,6443870.17783829,333.9844227199809,320.1467630124646,7.961565401535523,1,Umberatana_Group
304506.5052029737,6442502.25473234,365.933658173147,311.57331105894366,7.962870003386612,1,Umberatana_Group
304307.365889794,6441634.995355634,357.33432970357126,266.5676855977523,7.9627332766224015,1,Umberatana_Group
292754.0902936579,6433951.613145704,482.3700387610603,79.44505724748024,7.969038003343002,1,Umberatana_Group
292004.0240158265,6436492.290315363,495.8051255239477,73.57793829607891,7.970430709969364,1,Umberatana_Group
292294.71024207247,6438253.993187978,527.0518472364124,334.26056320785267,7.971198673251536,1,Emeroo_Subgroup
290725.8545199585,6439797.874710575,582.2997560073673,140.05479163280768,7.97276426313465,1,Emeroo_Subgroup
296503.3839984409,6444641.79336336,424.3228914266074,128.20902914665453,7.969909924141149,1,Emeroo_Subgroup
265853.6978694285,6406137.930783622,484.6224569538349,216.2167863022604,7.962440927273079,1,Burra_Group
251501.45998068544,6452250.646066437,418.9448416256885,144.31611058464438,7.989853321134191,1,ABC_Range_Quartzite
254471.28369636444,6456822.407059945,434.20671026767593,121.1593823929354,7.990297342883423,1,ABC_Range_Quartzite
253840.6076265425,6454130.954768663,421.3532079297169,300.78420702193563,7.99014393954414,1,ABC_Range_Quartzite
254584.11799832477,6454145.061173072,411.0361561944462,299.24870780568205,7.990137914783531,1,Wilpena_Group
253411.5079484213,6451837.727314537,380.660660718057,308.8577933513122,7.989838462268523,1,Yerelina_Subgroup
311895.8172881231,6420701.293468151,258.8082816697449,296.7090247661536,7.947740483326797,1,Umberatana_Group
310703.737781271,6419374.274843978,266.8541861864866,321.8006683635128,7.948134048617277,1,Umberatana_Group
309781.57604526106,6419907.695536874,289.8097457015275,113.97451293233752,7.949217705927609,1,Umberatana_Group
310874.43717113754,6421139.771291882,280.71025375455724,147.15396396450467,7.948830209085415,1,Umberatana_Group
251707.2269916064,6410532.955153124,520.4529714526703,90.07980939393372,7.967091364999192,1,ABC_Range_Quartzite
251744.0988188443,6414413.181082521,431.1219882271883,105.74905710773668,7.970380461513656,1,ABC_Range_Quartzite
253827.6871033415,6418184.341977268,431.6704736125435,120.09548271375758,7.973543475364124,1,ABC_Range_Quartzite
256298.8467045135,6420627.1562203225,409.1334428704486,172.07466783706172,7.975347099132207,1,ABC_Range_Quartzite
257945.6349828212,6418936.369907144,523.8442050221284,218.87969042854263,7.973749940703129,1,ABC_Range_Quartzite
258117.9975218239,6416297.864841489,678.0394872947049,286.24295731379465,7.971841284270823,1,ABC_Range_Quartzite
256993.29161814053,6414021.174347568,635.222915910947,292.6890135716362,7.969928741794988,1,ABC_Range_Quartzite
255340.9759201772,6410412.044503056,545.688514918455,281.93005507066425,7.967108862546596,1,ABC_Range_Quartzite
253659.4716560543,6406046.13188442,435.8140518187322,306.77274426645283,7.9632492183003905,1,ABC_Range_Quartzite
254246.5197123218,6409533.356577746,443.4909528091132,110.02016660438768,7.966287513482015,1,ABC_Range_Quartzite
256504.5743461189,6414392.581864607,550.4570258672813,123.64488138473251,7.970357713226122,1,ABC_Range_Quartzite
257105.12608061996,6417612.618467441,614.342950797786,76.72325760183753,7.973065496591218,1,ABC_Range_Quartzite
254653.22322873535,6417588.522018582,510.50742693007953,308.814913462698,7.97315917262307,1,ABC_Range_Quartzite
252391.71918426664,6414449.961684925,479.59901440425614,289.97568390686007,7.970412128153541,1,ABC_Range_Quartzite
252473.39705663227,6411076.267779164,470.9011487936841,232.4655290795008,7.967541976060914,1,ABC_Range_Quartzite
318311.4384309024,6419852.403418968,262.62547938724583,347.5012794174332,7.941719881017818,1,Yudnamutana_Subgroup
317195.9069297548,6420005.442160761,242.2163825944457,44.49850854764651,7.943009204938548,1,Yudnamutana_Subgroup
316785.0433865864,6421078.081042546,241.13004534890493,96.02817206015176,7.9439633990003955,1,Yudnamutana_Subgroup
317245.7226555607,6422037.222265938,240.3420168652096,135.84324873660165,7.944049382782609,1,Yudnamutana_Subgroup
330073.0582662161,6453639.772811763,215.98116,41.58909150920732,7.941052941520908,1,Yudnamutana_Subgroup
329996.78824134404,6455123.456556475,219.0980909311095,111.0103168479542,7.941143842071753,1,Yudnamutana_Subgroup
331854.88274171227,6456795.382126074,222.31173165067105,149.48712815376757,7.939194405796371,1,Yudnamutana_Subgroup
333662.0845666625,6457574.372381849,212.74242385573265,126.22480273221124,7.937690503821912,1,Yudnamutana_Subgroup
335224.5831907234,6455856.546663389,234.47779617777,310.791437589467,7.936113203979886,1,Yudnamutana_Subgroup
333262.2346997695,6454225.42055588,202.91780750167715,269.6415498484173,7.938065648977044,1,Yudnamutana_Subgroup
285644.63255967153,6456122.201831874,698.06660040134,106.7234009357685,7.979366310033384,1,Yerelina_Subgroup
286038.3061050464,6457750.90535544,728.3080410948853,142.1249968474218,7.979087320340355,1,Yerelina_Subgroup
288343.3186121858,6457792.064076751,672.4851246895098,274.7639495251909,7.977433760490399,1,Yerelina_Subgroup
288662.5351185483,6456425.797398824,616.710959760344,279.0943816775623,7.977392781950627,1,Yerelina_Subgroup
287668.0733942841,6455832.389420382,669.9632129581112,324.5746199216501,7.978041007809594,1,Yerelina_Subgroup
287414.1955992712,6455241.709619659,711.2041735742623,253.00237578626945,7.978012556034756,1,Yerelina_Subgroup
287839.5023304982,6453928.25308165,611.8243667953724,277.18542276974136,7.97756400787712,1,Yerelina_Subgroup
287736.2167279575,6452363.925932579,622.4571798811746,247.79727401399168,7.977738722825364,1,Yerelina_Subgroup
288011.9297545982,6450205.2379827965,644.0985251925426,275.312107638229,7.977126372310735,1,Yerelina_Subgroup
286706.02516861307,6444680.256781148,622.4158228147727,286.86337262312514,7.976936980128343,1,Yerelina_Subgroup
284570.51107351267,6438145.562039607,591.5097943134406,287.52593440751514,7.976037119607952,1,Yerelina_Subgroup
282121.3242796133,6432759.248336332,533.7977003634121,303.22585315919446,7.975033115171684,1,Yerelina_Subgroup
277521.65365109604,6426335.503321911,488.90851362213584,306.32662800516084,7.97368642958169,1,Yerelina_Subgroup
274217.8487544977,6422052.662727525,458.2967451157116,313.69541025763505,7.9722312862244,1,Yerelina_Subgroup
272180.19966688106,6420459.092261468,485.9510271737864,323.43239667647697,7.971904413018635,1,Yerelina_Subgroup
270396.0524155221,6419939.533464398,452.0363173445064,356.59469758125545,7.972033555283801,1,Yerelina_Subgroup
268092.70271767984,6420708.764475904,443.20309108814337,38.0871640823712,7.973465682998722,1,Yerelina_Subgroup
267163.3220017592,6421680.590526488,444.9007209356023,44.60046278872255,7.974427799448506,1,Yerelina_Subgroup
266417.23337136867,6422564.74433038,422.39696995722886,71.64201049369518,7.974898761519299,1,Yerelina_Subgroup
266315.0493360598,6423897.428040925,441.6231333362795,109.12331098100624,7.975920589235699,1,Yerelina_Subgroup
267591.529232982,6426202.536992144,444.280057126985,123.80480952530644,7.977292032597546,1,Yerelina_Subgroup
270313.3324015158,6430329.907467735,494.2546164020552,130.56773122128118,7.978777829504708,1,Yerelina_Subgroup
275366.35092558723,6435676.115662724,525.0259059742207,130.38942436587615,7.979649550106799,1,Yerelina_Subgroup
278205.26585604507,6439744.741372791,503.73743183913496,122.59688759635009,7.980155772995289,1,Yerelina_Subgroup
279860.2503859099,6443000.9216376925,537.4913127379289,113.40734040158748,7.980172151577506,1,Yerelina_Subgroup
281608.9513521167,6447556.922884341,638.6763894216714,114.98840278340452,7.98057145453086,1,Yerelina_Subgroup
283102.6904466065,6450692.209684866,689.1169706485838,110.71185252140988,7.980366876240211,1,Yerelina_Subgroup
283974.25979666976,6453758.6752611175,636.8276270896771,109.2901943203629,7.980134435876494,1,Yerelina_Subgroup
314879.7169283206,6408108.118860664,260.75245439954494,131.5732196216818,7.937793500690603,1,Burra_Group
315613.3427358891,6409446.017285957,257.4777140437657,137.9166827163258,7.938048628594359,1,Burra_Group
316608.0588430761,6410141.199324373,261.3339237017003,135.56611310059827,7.937883042528725,1,Burra_Group
314950.14860623184,6411575.475037266,255.07510214323548,19.501238545858257,7.939727176134312,1,Burra_Group
312743.7792014752,6411545.75982353,264.95718008021777,277.18540026021003,7.941716906811024,1,Burra_Group
311997.3533716519,6409997.222284688,277.84367182862,302.5968882635318,7.941133528478772,1,Burra_Group
311663.1961779947,6408730.79336746,282.0109330557874,265.3988888432664,7.940855619011117,1,Burra_Group
311263.5805294204,6406223.463987257,289.01991403163765,16.579734961514475,7.9395287935630705,1,Burra_Group
310194.55120263214,6406131.232740592,301.7673599296425,336.4500606046,7.940277175103191,1,Burra_Group
308898.158200062,6418762.769448963,286.53249804412627,25.649640482666825,7.94904659498755,1,Yudnamutana_Subgroup
307759.77442124585,6419269.056419143,300.49386467880333,13.699516286916207,7.950513428110725,1,Yudnamutana_Subgroup
306776.41141966113,6420027.792663191,306.4803762408866,73.18022642899211,7.9515786078138575,1,Yudnamutana_Subgroup
306929.1743192505,6421032.210785258,301.4225032399416,96.57378944793771,7.951756880763085,1,Yudnamutana_Subgroup
307369.5399549177,6422355.414436931,295.00577659411044,136.33927992211562,7.952188707255203,1,Yudnamutana_Subgroup
309470.6387985457,6422388.643854983,277.69800713215176,180.5865618540763,7.95058577270855,1,Yudnamutana_Subgroup
311396.76466153224,6422290.198554276,261.5593789641455,210.28373438122048,7.948950851534249,1,Yudnamutana_Subgroup
311984.71560071426,6421657.391950732,258.25951600556783,257.1086758976988,7.948274645483025,1,Yudnamutana_Subgroup
294139.4622024435,6456067.235507228,538.431696512461,323.97256148228047,7.973444945274082,1,Yudnamutana_Subgroup
310043.5622700837,6412730.210099541,298.0,153.38619667777073,7.944624840591047,1,Yudnamutana_Subgroup
311729.8201168223,6412973.647501532,280.9137083168184,187.5507249819192,7.94345584864017,1,Yudnamutana_Subgroup
306030.7350184112,6406179.326507806,382.04286414642434,334.4828568619491,7.943187076054357,1,Yudnamutana_Subgroup
269128.03730456554,6414344.880089352,453.918193818031,55.85956624753936,7.968346126410324,1,Yudnamutana_Subgroup
282299.01295014616,6411197.419119852,501.6563649550367,322.6983188562775,7.9612206988145,1,Burra_Group
264652.4031114133,6451088.927830627,407.6947038465022,63.3791244119347,7.988421576974048,1,Burra_Group
263721.3696937591,6451399.223430693,396.3492431200992,27.55826521290595,7.9886568115551455,1,Burra_Group
263455.08411004883,6452022.55075182,393.1589185339941,114.96022152102648,7.988734169800452,1,Burra_Group
265472.59492850874,6454746.989057789,389.5303769372926,135.22728989500467,7.988583353427387,1,Burra_Group
266453.9368595723,6454764.043239569,419.3719396420244,244.19706023889285,7.988303000567882,1,Burra_Group
266781.2979808752,6454023.511628489,416.9606316931225,176.59469978871596,7.988212026158294,1,Burra_Group
268113.8086255006,6455545.580912676,413.46934267808,135.71995683552916,7.987879002525474,1,Burra_Group
275531.8279338685,6451527.386369894,552.0425609351003,296.62199352008054,7.984450190273321,1,Burra_Group
273404.2833129541,6450272.127976734,490.5407046801901,258.4753309989346,7.98518699398123,1,Burra_Group
265887.06625093264,6447685.56911194,417.24042607841614,355.22568981463803,7.987334629640529,1,Burra_Group
255564.7938968464,6442156.260881233,358.9326021978343,166.72541853789096,7.9873511996210595,1,Umberatana_Group
256995.91714086727,6443049.1285203,357.27329358063685,134.0215119195101,7.987444005724171,1,Umberatana_Group
272664.51079591864,6437859.919312092,525.9964513098815,20.61492979663325,7.981785768448475,1,Umberatana_Group
253034.8778741271,6427991.628730144,328.4584200103544,2.1235051611602103,7.98012836837303,1,Umberatana_Group
251857.0049094672,6428388.99522747,318.12920135940453,23.16067328508541,7.980413784877356,1,Umberatana_Group
259969.41755807048,6456421.288140183,392.4208150593907,246.96821481963923,7.989824437061657,1,Umberatana_Group
257684.2750770861,6451561.397601496,389.684439772601,265.31817836722234,7.9895953969553375,1,Umberatana_Group
261455.61546761505,6449695.327587588,392.2414784443285,206.338079366612,7.988793037866984,1,Umberatana_Group
260255.23580303823,6445681.228142583,418.170759629289,281.6786882439535,7.988072923982315,1,Umberatana_Group
258374.69045459945,6445686.018515356,392.7827116012138,353.7950806318062,7.988261704347437,1,Umberatana_Group
256665.82901538105,6447300.203715703,368.17933804954606,15.76397994795252,7.98883869565951,1,Umberatana_Group
257828.86015429563,6444280.026878901,385.5094521412777,153.4350152216589,7.987860235539671,1,Umberatana_Group
258074.9440152565,6443943.986026561,382.7346226687057,270.0000822166222,7.987698466345463,1,Umberatana_Group
257689.22566310928,6442373.569001434,364.3341309710628,270.2549139155292,7.987226622205767,1,Umberatana_Group
259142.7264129338,6440793.189510619,404.5558199817507,166.11644067893317,7.9865113773251295,1,Umberatana_Group
263052.41346642503,6443006.001529407,449.8348021727791,131.46504206390898,7.986600205576408,1,Umberatana_Group
264651.5234024439,6444477.73482193,431.01253144252064,166.2862246441996,7.986759376242588,1,Umberatana_Group
266277.0829996127,6444514.042627078,438.71839100837946,202.33649696722185,7.986374401961143,1,Umberatana_Group
267899.7182084647,6443379.950417478,443.0,232.1653392834596,7.985467926589607,1,Umberatana_Group
269328.8592012226,6442132.585864499,460.5204542514681,198.73761608676136,7.984637995934818,1,Umberatana_Group
270563.0605803824,6442174.225932917,472.9650232602395,125.74441439577544,7.98428632669787,1,Umberatana_Group
270710.0579937336,6443168.761050146,492.3291050781554,67.34488419133822,7.984622394174991,1,Umberatana_Group
253445.1392184634,6438265.628919004,353.66005754483814,305.37053799467685,7.985776599800801,1,Umberatana_Group
255255.36551699007,6436998.437166607,412.87787684315657,126.20568826062596,7.985074970749537,1,Umberatana_Group
255918.14718501712,6439671.534881078,362.64754638015313,193.30335039858485,7.986361389691794,1,Umberatana_Group
254009.91432965448,6440600.4137034565,337.3309235293737,338.03344769128233,7.986820024892935,1,Umberatana_Group
252513.6912600956,6437417.597342895,354.8142573788805,80.15297402676259,7.985308577764897,1,Umberatana_Group
252841.6926309744,6426972.085505823,351.0,208.74647407186603,7.979494984188918,1,Umberatana_Group
257772.378360268,6445051.007476274,390.4101839193437,72.90154183247262,7.988062384045534,1,Yudnamutana_Subgroup
256979.4153462689,6445322.505992249,398.6175571453783,353.5273060969968,7.988253663159796,1,Yudnamutana_Subgroup
254183.48283004249,6442818.178651984,336.4157583658523,266.56770382812977,7.987563585623775,1,Yudnamutana_Subgroup
251615.885149758,6442608.545049852,310.4392345521262,298.644756025381,7.987507660692543,1,Yudnamutana_Subgroup
269422.3362842741,6445079.612831218,449.52561701973815,255.26185716970508,7.985443846506399,1,Yudnamutana_Subgroup
269086.97705609933,6444045.249751805,464.6872248945255,283.12265430251495,7.985306406423376,1,Yudnamutana_Subgroup
269558.72842795355,6443176.571589496,483.747310927018,164.55970281667317,7.984975683937023,1,Yudnamutana_Subgroup
263802.8859787815,6448066.694865741,424.9740512370268,181.66055901930557,7.987957794399335,1,Yudnamutana_Subgroup
260777.2319854537,6444969.351266742,415.5954960994336,273.9998911867017,7.987703405235493,1,Yudnamutana_Subgroup
259429.48597544205,6441935.75366755,396.73659287650366,159.71449883865955,7.986830035840967,1,Yudnamutana_Subgroup
263207.08798060415,6445114.692577576,434.18766479885255,151.97375469585126,7.987400137531665,1,Yudnamutana_Subgroup
268481.41388215736,6445316.780888304,438.98320182300114,157.29113204219664,7.985925600382998,1,Yudnamutana_Subgroup
288269.2929051185,6435789.884836239,515.8157149007704,327.6951410181087,7.972872757253043,1,Burra_Group
287605.36142895586,6434615.131796632,512.1940167608525,302.0326776437446,7.972757464418166,1,Burra_Group
286530.684402244,6433450.917515754,506.5580978745275,299.18758459099865,7.972693390303391,1,Burra_Group
271928.7311903104,6427567.2440975215,596.4750418421852,123.09856005562632,7.976501694846533,1,ABC_Range_Quartzite
274463.430532809,6430573.674528565,588.5400720105688,125.66455039766736,7.977288377154849,1,ABC_Range_Quartzite
276229.7281697484,6433140.066665137,564.0034347056624,120.41409729305582,7.978230893655805,1,ABC_Range_Quartzite
277195.1144656892,6434377.276814677,564.0637088515241,246.77697266987343,7.978268276166759,1,ABC_Range_Quartzite
275993.90060797264,6431771.3702052,575.5559807776817,303.4397187210232,7.97746232353137,1,ABC_Range_Quartzite
274469.3780823574,6429626.399723452,596.5114561828364,296.946820723546,7.977009702854787,1,ABC_Range_Quartzite
274157.58456582786,6428199.1235176455,574.4403383611218,208.78987057375505,7.976349090392816,1,ABC_Range_Quartzite
275489.30065214104,6429159.215296101,540.5718862029046,132.61542077349822,7.976313331167347,1,ABC_Range_Quartzite
277953.9213154775,6431531.843277263,557.0016650841908,122.40709084503652,7.976290454582084,1,ABC_Range_Quartzite
280388.2739950476,6435893.326485209,539.0180351484207,117.53163974092502,7.977232907189233,1,ABC_Range_Quartzite
280811.313607164,6436207.8755044,551.3673359166369,253.18024377509096,7.977187794636023,1,ABC_Range_Quartzite
280469.1716684879,6434756.533854767,564.7670291056037,293.783034165592,7.976780158683425,1,ABC_Range_Quartzite
279118.3078629487,6432154.442224262,587.5402450291006,304.0206262100319,7.976327533979301,1,ABC_Range_Quartzite
276126.03688655363,6428561.111220162,561.214178609135,312.9271300890137,7.975527600517353,1,ABC_Range_Quartzite
274105.8104708872,6426889.078397933,624.084826022733,323.67427339554405,7.975452925506971,1,ABC_Range_Quartzite
272788.6663052936,6425898.054045349,612.1212275192695,340.1987193664111,7.975396754123679,1,ABC_Range_Quartzite
271733.89445983653,6426045.168517816,673.1294554743689,50.20035622825674,7.9757481394999985,1,ABC_Range_Quartzite
318893.74204134766,6425833.582173939,239.1805627407598,99.56016932413178,7.944222782726953,1,Yudnamutana_Subgroup
327560.2029191956,6433466.02699389,221.40715587644016,296.46646789280925,7.939313471774341,1,Yudnamutana_Subgroup
284869.7405099285,6440635.848894278,618.777878375947,291.72919619871914,7.976652441408575,1,Wilpena_Group
279009.8159800016,6429298.740574764,514.9931027844804,300.258773125931,7.974732627317238,1,Wilpena_Group
277825.77983199246,6427625.584814017,492.3934187944293,301.00794466154747,7.974349949965159,1,Wilpena_Group
274776.23424801073,6424086.085088,520.5461159277152,314.3009228917797,7.973692841308804,1,Wilpena_Group
272860.9864609174,6421882.885238472,481.36374014390873,317.1754053369874,7.972597025337464,1,Wilpena_Group
271373.6645868341,6420919.894231901,508.6121455050078,324.5746280575109,7.972421342854247,1,Wilpena_Group
270013.63302732445,6420590.930053597,459.2392567487156,7.906643448338514,7.9728951811943745,1,Wilpena_Group
268113.30529166595,6422061.474338074,445.9810273074479,51.99149689378544,7.9741670048029505,1,Wilpena_Group
267086.8020904668,6423539.495095766,476.6183531894185,108.10692207463605,7.975458217582229,1,Wilpena_Group
271256.13489727926,6430359.594869488,511.23452805566416,131.44172803560673,7.9786075146976,1,Wilpena_Group
281815.19616710785,6446357.424635853,571.1102810814476,115.27254731959384,7.980049906935278,1,Wilpena_Group
283806.0201472591,6450680.001163886,684.821411419201,117.89666104381472,7.979763615531183,1,Wilpena_Group
285170.12275709846,6452955.344316443,664.3968199857643,126.55795300439628,7.979410730648169,1,Wilpena_Group
285689.5380498822,6454366.354988108,680.255033930471,113.13179078945632,7.979241301433774,1,Wilpena_Group
336021.9971158153,6430729.15693058,238.68134383538083,56.83622291527331,7.930177688539686,1,Burra_Group
336011.3597429708,6431542.594265938,232.2951371001168,113.86648305306574,7.930348451380496,1,Burra_Group
323770.4391114176,6419825.775093624,258.0955049956992,359.6892331144236,7.937319946083051,1,Burra_Group
320395.5790044255,6419928.718766252,246.07337075396168,40.15765064084758,7.939978233310569,1,Burra_Group
318780.130630963,6421544.5207031565,238.26348791541992,49.231387915316986,7.942495530090795,1,Burra_Group
318779.7472297188,6424023.760435239,238.079422175472,117.66521868241624,7.943731182421175,1,Burra_Group
327041.6499663056,6421386.294349993,265.3944848459882,88.68824975799708,7.934881965936228,1,Burra_Group
326196.9731836774,6421793.947134993,262.0479234824708,352.19461032837813,7.936037841486922,1,Burra_Group
324011.01260823256,6421135.999874648,261.2965328432032,354.8928412089561,7.937616279905626,1,Burra_Group
322094.0757640423,6421505.288581785,256.393690649062,17.33525549208605,7.93941140614973,1,Burra_Group
320898.07749202003,6421303.743486321,240.24709415180536,317.54074794496864,7.940300218846417,1,Burra_Group
320931.77584216127,6420370.839716065,244.0358507253626,250.628504274486,7.93979546680842,1,Burra_Group
321492.401072828,6425123.263142411,236.9255156985916,212.9770792521825,7.941754682153061,1,Burra_Group
322808.64857603563,6424963.088111484,236.6405026856686,171.74916012807194,7.940168808313999,1,Burra_Group
323998.12370376743,6425485.421277335,240.89372130756823,155.54839487595655,7.939478818658472,1,Burra_Group
325130.4513147169,6426112.472645734,233.39617822101613,162.37343559258545,7.938992507468114,1,Burra_Group
326210.6932661206,6426017.753417699,230.82180005860727,221.58909672499863,7.93785012136172,1,Burra_Group
326465.1896316995,6424795.891645683,232.1108689217852,279.80608481565366,7.936950200019012,1,Burra_Group
326683.3833373693,6423702.248246292,241.0,183.30598761167084,7.93650437667263,1,Burra_Group
329226.6171138369,6424499.113385815,248.37943528267212,152.76578934182692,7.93439499864877,1,Burra_Group
330571.8289610108,6425552.227340894,250.25836957662875,92.73648643868604,7.933407322565003,1,Burra_Group
329965.8839552342,6426114.004013035,241.4901426556346,18.84537114992338,7.934299304621348,1,Burra_Group
328834.897098698,6426736.757512333,226.9608973263962,68.755928053395,7.935453838822852,1,Burra_Group
329287.65724247,6427774.926571008,225.0874166554855,144.10855409453654,7.935857540602029,1,Burra_Group
330612.3375906945,6428375.264250122,227.40955312598223,164.4954986792178,7.934621638833576,1,Burra_Group
331500.6684898245,6428087.867581542,230.323217563808,226.48574007173957,7.933660354191446,1,Burra_Group
331676.8594566978,6427376.500314595,234.26390522008123,281.8206614436393,7.93326983024474,1,Burra_Group
331885.4878938685,6426495.345169285,241.02676331067852,217.50525717124012,7.932388712913209,1,Burra_Group
333420.7613820811,6426287.783792496,256.2885734823672,171.8295413197336,7.930944170490477,1,Burra_Group
303828.9895832999,6423054.631260875,355.1345614078572,323.5087259213097,7.955187877823249,1,Burra_Group
302933.6725783433,6421338.236089222,362.3974650335,285.0005997226333,7.9551047058547795,1,Burra_Group
301093.9439049791,6418777.014062254,404.23027927873966,298.84389822158164,7.955096598916597,1,Burra_Group
299947.03096702683,6416590.913253451,455.618423036498,277.35002787823487,7.954559279173253,1,Burra_Group
300596.628816006,6415990.394514275,402.0567530764607,172.85056089277816,7.95356706590033,1,Burra_Group
302310.388329501,6416782.421838049,347.1680237432841,148.18896253172971,7.952777142891449,1,Burra_Group
303388.6735962239,6417568.4355883,344.0,156.97455127049136,7.952356970054623,1,Burra_Group
304717.4641526531,6417199.129202457,333.5617644641265,246.92193323357407,7.951615750355046,1,Burra_Group
304698.131771313,6416196.290716436,318.4609711907309,268.6882482559462,7.950998212065528,1,Burra_Group
301067.6618361232,6412536.364094929,364.2464775494208,117.53161824024698,7.950894206778727,1,Burra_Group
301457.9521160465,6413608.97556497,365.7791061703757,78.03987151540878,7.9515552629560915,1,Burra_Group
300864.04548435385,6414235.067863841,396.3039843851996,57.22317797187827,7.952236710551247,1,Burra_Group
300092.0397263777,6414650.225021597,425.0534450147165,336.3615013534058,7.953262298833948,1,Burra_Group
298415.01794262324,6412715.597354837,455.6298567411655,315.619746907887,7.952934239259079,1,Burra_Group
297052.2521404937,6411213.0642402135,494.5137678339741,295.994888082703,7.952870187073316,1,Burra_Group
296995.8555721783,6410192.120435633,433.4028719443738,212.8466237338455,7.952155076990394,1,Burra_Group
298089.71524880093,6409605.317102524,397.5265712074008,237.5261673237253,7.951150195926445,1,Burra_Group
315482.6852146064,6458143.44264412,318.83553966175486,74.59653845588093,7.955276420532286,1,Umberatana_Group
313084.6570359543,6443868.098949449,296.0667779544761,123.9193503977416,7.955854736378967,1,Umberatana_Group
314126.12824275705,6444260.78666595,291.80624,191.85190712010967,7.955061293780844,1,Umberatana_Group
315377.0536415813,6444023.585567348,292.48327168869747,142.88899611682228,7.953579707324749,1,Umberatana_Group
315734.46189493407,6445167.379352381,288.14958779953264,78.91961400988794,7.953899841146097,1,Umberatana_Group
315286.4044852577,6445853.029668669,284.2046621361402,11.615182552509395,7.954459172750234,1,Umberatana_Group
313090.7530747972,6445515.681935377,292.63143486265807,350.88227646133754,7.956181439316452,1,Umberatana_Group
311665.2122076064,6445430.856547425,300.177236314387,28.59961424656848,7.95753055052684,1,Umberatana_Group
311805.9353305802,6446211.960873291,298.23717557067937,165.01530755655176,7.957283313164197,1,Umberatana_Group
313124.27721162856,6446493.925139653,289.31990295418115,161.84548564832392,7.956380573215199,1,Umberatana_Group
314740.08284242457,6446904.888332216,286.3968944700964,149.2830280437741,7.955106852839421,1,Umberatana_Group
315779.54235203774,6447977.331532178,277.11391991542604,119.89461492114424,7.954360198132193,1,Umberatana_Group
315550.29452915734,6450718.242719536,276.7853535772778,157.80116417115187,7.954790556636667,1,Umberatana_Group
318217.2075655121,6453083.8694609,289.1094549546072,5.178553631367436,7.952661859364497,1,Umberatana_Group
316711.17657460185,6456165.188716654,295.14570531047286,51.62613441088325,7.954296518021394,1,Umberatana_Group
330037.7386014232,6457727.102172672,213.8986568996933,332.7091410170356,7.941229617048975,1,Umberatana_Group
327717.1444740972,6457140.642713441,229.56478378642856,352.14590972982774,7.943710152249778,1,Umberatana_Group
325618.4925776575,6456723.207828397,246.21196876049652,339.888867685038,7.945670305125063,1,Umberatana_Group
324066.7350888663,6455562.404762876,245.4616122499725,300.25879995298084,7.947077008829282,1,Umberatana_Group
324127.3610074376,6454710.602571743,244.16820295156052,221.5890849530888,7.947049389385285,1,Umberatana_Group
324975.143941193,6454516.192006139,234.40595421070205,176.5946904485265,7.946040675621802,1,Umberatana_Group
326059.68734059733,6453607.6584108025,230.01165085727536,233.3513262405479,7.945024254158412,1,Umberatana_Group
326746.2773659181,6451966.313544477,231.1872323197186,251.9314022189842,7.944361125069946,1,Umberatana_Group
328010.76120207965,6450030.267671061,216.5340260823953,257.6212464129867,7.942655648304537,1,Umberatana_Group
325413.1528317854,6447823.634951565,219.69945107969187,291.1066267465519,7.944838107490369,1,Umberatana_Group
321696.94886881474,6444081.648656931,235.70332567846577,279.2899740755586,7.947965644647013,1,Umberatana_Group
264334.19054062024,6424908.44593216,405.32321676941615,113.94465422430449,7.977044597998031,1,Umberatana_Group
272818.4525580675,6435066.099266595,514.10733212627,186.3401780117664,7.980222202568868,1,Umberatana_Group
276905.89415718167,6441353.509606567,493.1416048562955,113.1986029559315,7.981192129857163,1,Umberatana_Group
269364.1027511512,6406719.444626755,455.8979277128905,52.397449606641885,7.962062816847592,1,Umberatana_Group
268928.58927117015,6411966.472791985,451.2319519873712,151.5330816529344,7.966356461333106,1,Umberatana_Group
269445.96973052627,6416253.133315051,420.1955211765148,351.0301876108601,7.969749855291056,1,Umberatana_Group
266184.1334143219,6416156.636785081,416.0589280422247,61.51952637425211,7.970634354152878,1,Umberatana_Group
291357.8839088803,6449427.130200579,652.549339512937,285.0128315205704,7.974544758776446,1,Umberatana_Group
285660.56892787915,6433909.89850816,553.765768099843,287.873255554309,7.973525798242193,1,Umberatana_Group
278799.09574640705,6456200.101253895,588.7480938534155,181.49646918263977,7.983444303617745,1,Umberatana_Group
278492.4342292085,6449744.809077472,531.1227031031038,115.54892829311166,7.982714610333716,1,Umberatana_Group
279077.2533112612,6451331.654990243,592.8083207090012,4.33934520202456,7.982698267997037,1,Umberatana_Group
277984.7343871875,6453745.629091209,600.349099488149,94.36198806444496,7.983528993360181,1,Umberatana_Group
277102.64322407544,6457381.662748851,551.0961181212294,100.99467076172914,7.984245886202842,1,Umberatana_Group
284975.0600807743,6432089.546854531,506.7105479511052,348.266212266317,7.973106980910629,1,Umberatana_Group
284296.8136206516,6431365.496742714,501.0611870318591,293.78300379234366,7.9731821210883425,1,Umberatana_Group
283349.8617766861,6429820.9270993695,487.7659178695274,315.0432008753833,7.972681184694508,1,Umberatana_Group
282168.7365758087,6427728.189642139,471.0,301.00793874156943,7.972386021899908,1,Umberatana_Group
280983.0007355942,6427355.537323962,471.63766042493455,9.444484976396836,7.972612892410609,1,Umberatana_Group
279546.1814767317,6427193.721858822,480.10445545331686,313.30979435345245,7.973352898447644,1,Umberatana_Group
279626.3819957074,6426015.548111739,470.7759548591032,248.14019994833416,7.972460801988632,1,Umberatana_Group
280003.6072678784,6425503.76092065,465.8408847127129,204.66776582050124,7.971916905755421,1,Umberatana_Group
281506.2531536772,6425469.155746822,460.33966465653896,188.4182203762398,7.971175846682698,1,Umberatana_Group
318654.79302823223,6407130.7253148025,303.8532810082376,133.89145932146522,7.934329096625262,1,Umberatana_Group
321398.2529296866,6409942.881015561,290.856130156117,138.46914501607665,7.933433032354486,1,Umberatana_Group
324100.84236216545,6412164.311585031,275.77438984610063,138.2432725506851,7.932792173135255,1,Umberatana_Group
327248.32800549665,6414494.894346757,300.5114715148659,146.72215000365043,7.931281378463197,1,Umberatana_Group
329414.0192503742,6415755.828458607,307.40682002089443,147.58568039897057,7.929831178429325,1,Umberatana_Group
332642.7277307791,6417951.326036882,328.80374386162924,145.93007295957784,7.92808170387417,1,Umberatana_Group
334283.8227620166,6419530.840323465,334.375727629552,121.88047775111346,7.927398192644645,1,Umberatana_Group
251752.63042888892,6406340.353392076,399.1794522659127,331.35086632450214,7.963647806355922,1,Wilpena_Group
261929.734564871,6419320.42861817,394.0286442626582,269.55449297494306,7.973650402098585,1,Wilpena_Group
256347.04529503852,6432836.099741874,375.4742727160092,94.57392873328098,7.982980424467485,1,Wilpena_Group
257419.17518026388,6436282.085489739,429.7096567903636,119.62149573575972,7.984700602127972,1,Wilpena_Group
261782.45431657205,6439469.046911029,445.96178663010807,163.0591241700066,7.985543880298692,1,Wilpena_Group
264441.30969699554,6439317.134345161,525.7015353956039,213.7905431195313,7.984935558244231,1,Wilpena_Group
265385.5910120109,6437019.9895614525,506.002701209852,278.0385014471566,7.983596606073576,1,Wilpena_Group
264325.2271766473,6434701.0088833,498.6986324571277,319.801237578754,7.982875548562887,1,Wilpena_Group
256274.6369496662,6426389.306010179,325.4703700141752,285.9454236678581,7.979126775258109,1,Wilpena_Group
256017.32219731488,6423373.712692441,352.0501988261879,237.6940960608474,7.977117119946357,1,Wilpena_Group
256983.76832895225,6422578.990035333,393.9262658279175,190.26810139232168,7.976365475441071,1,Wilpena_Group
258528.6779212848,6423058.873513809,396.7641654167388,179.197885184332,7.976598495639578,1,Wilpena_Group
260673.3866364129,6422973.4344313545,380.7358326381692,213.7771471492198,7.976374034958283,1,Wilpena_Group
255917.1218190422,6432018.216370211,358.7200513111109,91.97494167777774,7.982455288558299,1,Yerelina_Subgroup
256210.6090956268,6434411.768686365,386.5914090210523,104.62087213589086,7.983802029549338,1,Yerelina_Subgroup
257785.03465770377,6437735.629930457,411.06272942215935,132.83672947401533,7.985398279186839,1,Yerelina_Subgroup
262109.58057737123,6440135.617077323,437.8370647447282,165.1137930248284,7.985863947445395,1,Yerelina_Subgroup
264229.01885292085,6440019.727250731,497.71337925216375,206.89115560266453,7.985255574553335,1,Yerelina_Subgroup
265489.250978358,6438991.26916814,509.1678851131753,237.9700702615389,7.984481325605046,1,Yerelina_Subgroup
265706.5555756628,6436022.688177373,524.8891714235274,284.4702707262536,7.983126119740064,1,Yerelina_Subgroup
264961.02886037,6434565.749060198,520.6500702542692,312.5066593861041,7.98250745058165,1,Yerelina_Subgroup
262841.43160574924,6432782.245966538,424.9648440939717,321.73273894268283,7.982155736787547,1,Yerelina_Subgroup
259641.3715558184,6430239.482472924,387.1602914550634,316.27788768263457,7.981304000881366,1,Yerelina_Subgroup
257031.25031576108,6427159.682618186,330.6530100507961,306.807565615742,7.97971126867408,1,Yerelina_Subgroup
257045.72426148097,6424141.107689532,376.7410907313642,231.84280745205467,7.977746650326097,1,Yerelina_Subgroup
260141.21408209245,6423866.7117912,395.5537947624611,184.96979614662555,7.977125554861359,1,Yerelina_Subgroup
333901.9707334497,6435226.671590448,218.3250747140403,47.11387878866242,7.933603306505134,1,Yudnamutana_Subgroup
333919.3369693059,6435997.255815037,214.82684566563412,116.7090206373,7.933750478833573,1,Yudnamutana_Subgroup
335098.3595624827,6436693.864971342,219.6412380620888,167.55207577401927,7.933038993611746,1,Yudnamutana_Subgroup
304413.70538957126,6424290.097772561,372.9248886283916,345.1690846243763,7.955610310021655,1,Umberatana_Group
304006.1881456793,6424285.416857355,373.4418578254093,348.4617889118233,7.955996795099026,1,Umberatana_Group
303047.1272862168,6424189.237886608,397.4430304198461,351.0020250680393,7.9567629026906275,1,Umberatana_Group
301957.14342563634,6423887.309630988,421.1429239563571,340.7801635138576,7.957249119057224,1,Umberatana_Group
300214.4512768055,6422839.551775843,471.9165250026136,318.52971661004983,7.958170720622391,1,Umberatana_Group
297655.8037287359,6419914.375032134,454.68062958979294,300.2587698641028,7.958170753376777,1,Umberatana_Group
295947.6600995927,6416378.374582005,533.6761564229793,287.12189215986245,7.956949439389504,1,Umberatana_Group
293588.37168791593,6410140.565112513,528.0714494349036,291.88791177762613,7.954329957124273,1,Umberatana_Group
319479.5672715596,6428628.648271543,236.61860841574872,24.988212138249025,7.945079966062238,1,Umberatana_Group
318307.4597779092,6429035.897483262,245.01715432902023,39.8541730557144,7.945980167641906,1,Umberatana_Group
317457.46442902787,6429850.268977562,249.09221822858888,31.288490127224463,7.947290506172877,1,Umberatana_Group
315751.1955139586,6430788.586742942,262.8903540809742,11.340384989138784,7.9494762191798,1,Umberatana_Group
314092.6884739433,6430559.520445887,282.4471280501933,326.4797343371416,7.950589568088148,1,Umberatana_Group
311937.5742403993,6428857.201195886,287.3313874148791,334.26579755904874,7.951673517524611,1,Umberatana_Group
310185.423049538,6428387.245532056,302.3062616112701,328.82376225262703,7.953139478198139,1,Umberatana_Group
309781.8925768049,6427482.384355377,299.6410719247254,277.87561536948016,7.953093337809193,1,Umberatana_Group
308623.3961924424,6426602.558825119,310.9746379901763,347.28151591164624,7.953679912915675,1,Umberatana_Group
307442.3472654532,6426045.747475246,318.93671632802574,310.6336531949829,7.954004606304835,1,Umberatana_Group
307150.135212276,6425087.090858702,313.92391757205405,297.21847007767144,7.95415615386824,1,Umberatana_Group
306108.7241703633,6424322.351008375,329.274269747682,347.1290664696551,7.954437463792786,1,Umberatana_Group
291242.1612178978,6410293.073205668,454.0,140.69575467075776,7.955798438877153,1,Umberatana_Group
292423.9432998024,6412263.705805667,472.0124397493534,95.31207044442613,7.956385700568603,1,Umberatana_Group
292678.03658663586,6415872.182713078,478.3858971187177,101.820672296133,7.958838014695615,1,Umberatana_Group
292576.17214400857,6417570.581147202,470.7457140181492,33.99771404489246,7.95984725157777,1,Umberatana_Group
291227.29709497106,6417903.712836147,471.6530276596092,13.524316412713745,7.961098645223814,1,Umberatana_Group
329989.9330503642,6437396.706025504,214.00811187769995,229.57888537051824,7.938126836305074,1,Umberatana_Group
322252.9013472126,6435928.254707725,226.60321245055087,11.85878663404378,7.945353827084844,1,Umberatana_Group
316100.2119242687,6436100.811532188,268.49875752179423,284.28884463841234,7.951045084408946,1,Umberatana_Group
314644.05119959713,6433823.170239646,290.2562921163015,308.70955561126624,7.95151878423377,1,Umberatana_Group
314222.0181083386,6432643.731374586,294.3786187706577,253.7247556964769,7.951586221789356,1,Umberatana_Group
315260.1838535065,6431713.358192685,268.48785189475063,201.17757238862328,7.9503164252783165,1,Umberatana_Group
317661.9905708447,6430892.746839169,249.2520505161461,191.2176812635754,7.94769414499703,1,Umberatana_Group
319868.5376448617,6430995.42563778,237.30378239708236,130.69146649490142,7.945431453645071,1,Umberatana_Group
319984.938884793,6432659.112320188,232.77900815370447,88.88863151426864,7.946184976982522,1,Umberatana_Group
320850.5469279024,6435082.871157978,225.3956492387061,126.215103141972,7.945960145145506,1,Umberatana_Group
321638.9806375733,6436885.125253933,221.33900248573224,101.30911004695486,7.946136692668915,1,Umberatana_Group
318948.5650548242,6412833.978669085,258.7520755351248,114.63958798817504,7.937357960875644,1,Yudnamutana_Subgroup
319061.9229224661,6414230.367449576,251.93860884675308,80.71356239701595,7.938243173758892,1,Yudnamutana_Subgroup
318473.72956884664,6416192.383913364,252.9398997588048,86.56770235726088,7.939813377798188,1,Yudnamutana_Subgroup
318749.85066312033,6417366.320483995,258.49572816599334,137.9166590843514,7.940371650600042,1,Yudnamutana_Subgroup
320452.773530961,6417861.966589129,267.66575761461326,182.93629707019969,7.938920822002132,1,Yudnamutana_Subgroup
324306.1655805681,6417646.064354118,275.91988145724935,177.71829153330202,7.935395432141604,1,Yudnamutana_Subgroup
325537.7772113689,6418631.999479516,280.47026917656706,121.66499956323474,7.935014586465982,1,Yudnamutana_Subgroup
316373.6207636284,6408219.271859406,289.67083821419897,151.19568931786176,7.936597274640235,1,Yudnamutana_Subgroup
317683.67292054545,6409699.588722679,278.6145509630137,106.28803579082968,7.936752305168468,1,Yudnamutana_Subgroup
317731.896191863,6410697.786373884,272.0,77.6900947325131,7.937381203442413,1,Yudnamutana_Subgroup
322178.86842333834,6439279.962569924,216.34098623241704,107.2612724797184,7.9463929844337855,1,Wilpena_Group
323380.51959201955,6441189.483753942,213.1137503576927,105.92471469392136,7.945482385654529,1,Wilpena_Group
323529.86290545843,6442409.935783635,212.34290087293,113.94464275397746,7.945719758176338,1,Wilpena_Group
325110.3345600023,6441825.530766244,209.7171288723676,266.6167289578118,7.944158664301526,1,Wilpena_Group
276544.6060616365,6416597.845219859,496.783591599292,125.1342544086354,7.967732923502965,1,Wilpena_Group
285996.3985308191,6419661.778263595,490.3295432103611,333.21584477848603,7.965311737904869,1,Wilpena_Group
276428.0887178349,6407893.52506776,602.7124329868748,297.719915114962,7.960701436908948,1,Wilpena_Group
286929.7075496095,6414649.455455633,430.97356814871495,45.66535397235782,7.961321140704271,1,Wilpena_Group
308880.7602860473,6442613.08218687,323.22508877533,226.78096660639076,7.959161886073119,1,Wilpena_Group
308970.20892606385,6441174.702047601,331.2791375799677,283.91964381403307,7.958766893148024,1,Wilpena_Group
309158.6898316131,6440311.427813581,344.2559519626457,221.5891187009645,7.958484699717502,1,Wilpena_Group
310890.6895875167,6440322.269881234,335.7705615174392,159.06211237806974,7.956738424088812,1,Wilpena_Group
312369.5822556594,6441001.742825337,321.0331355338428,121.26419882345164,7.955548595536996,1,Wilpena_Group
312528.49349714245,6442327.703025431,305.6520953891058,87.36320847507983,7.95594327782922,1,Wilpena_Group
319501.4492318384,6439130.185136486,242.8872203850093,335.2884221920885,7.948741721661221,1,Wilpena_Group
319335.8412546142,6440679.1333541125,272.31451046159,126.0780537858734,7.949145381073791,1,Wilpena_Group
320284.1934318909,6442458.482377997,264.2290785234677,307.7574771517784,7.949048015286735,1,Wilpena_Group
320231.1574430915,6441752.554924675,241.98480811984604,221.5891075821154,7.948927703989,1,Wilpena_Group
321451.09756544296,6441077.855242265,230.47876,244.77545469298207,7.947262671327508,1,Wilpena_Group
310806.89445398736,6432915.215489196,395.8047078368002,340.08923190680173,7.954197098987876,1,Wilpena_Group
297447.113392893,6425962.153296668,643.2803384314775,314.4621743433961,7.961622807748427,1,Wilpena_Group
284948.836587091,6425317.847181732,465.16208443037385,245.00543941069395,7.969316536848041,1,Wilpena_Group
285198.38888095145,6423860.373972429,480.8994870401327,216.3970053090269,7.968412017099325,1,Wilpena_Group
286264.88731035026,6424365.849574484,471.41718038193096,156.78765456702456,7.968157363626119,1,Wilpena_Group
287251.80355877033,6424236.957250047,472.5974600306309,205.54603906205955,7.967584026613622,1,Wilpena_Group
287901.6623557228,6424533.203292797,475.9077976672938,103.49308072604788,7.966997221816598,1,Wilpena_Group
287641.21182287065,6425907.348937435,472.2744998513805,83.3888326461165,7.968171983512533,1,Wilpena_Group
288305.9624579313,6426538.377151679,482.0764019821054,165.80656193909863,7.96785701318889,1,Wilpena_Group
289891.0370720308,6426613.615546615,500.0,141.04039824452246,7.967208553804639,1,Wilpena_Group
289635.7151126643,6427584.211164736,487.0,39.20424264885287,7.967796890834364,1,Wilpena_Group
289642.9475625124,6428735.787872037,486.7075201747168,114.46433934182032,7.968601398453259,1,Wilpena_Group
291701.06104916066,6430359.195795911,500.0200906785755,144.7526662214275,7.96807553296,1,Wilpena_Group
292658.0198302201,6431471.886036284,503.8887374909609,125.86017595517173,7.967892870454264,1,Wilpena_Group
299322.58365639125,6455640.2981319055,373.6887716860409,324.86377345094706,7.969171889268324,1,Yudnamutana_Subgroup
252561.89342890307,6454672.728395727,518.201603270149,305.90979131251345,7.990170406970918,1,Pound_Subgroup
260389.0771831228,6434922.714177029,477.529965670107,135.04322575551265,7.983622031724707,1,ABC_Range_Quartzite
261173.82262038928,6435090.248090923,523.592952599525,227.70157594297476,7.9837967439024595,1,ABC_Range_Quartzite
260850.87790482253,6433636.8687651735,481.92729274899,298.0321615697358,7.983034005965749,1,ABC_Range_Quartzite
258479.0098540084,6430989.923429871,423.7919251388551,321.36067424964176,7.981703176900282,1,ABC_Range_Quartzite
255433.14325468527,6427972.156559894,377.6751058960277,309.9359487674986,7.98010243291688,1,ABC_Range_Quartzite
294031.01275205275,6454302.242486283,526.5675077034713,102.52887286690076,7.9733485552415,1,Emeroo_Subgroup
295277.5062031732,6451227.167901099,452.314982472422,283.7798884193474,7.9722812452065455,1,Emeroo_Subgroup
294580.647788279,6455218.376568021,509.6260148007738,226.73564163223512,7.973042647513097,1,Emeroo_Subgroup
295395.804156696,6455522.449930299,493.65757751672095,111.80145016230756,7.97228457425571,1,Emeroo_Subgroup
295337.32249763753,6457254.86996983,494.42680835479393,81.86996455075621,7.972366256607884,1,Emeroo_Subgroup
