X,Y,Z,angle,lsx,lsy,formation,group
306261.7588728309,6415253.9823623095,298.8421269680476,142.89324486650207,-0.6033020181563035,0.7975128054699381,Umberatana_Group,Heysen_Supergroup
305984.2050873169,6414100.903031923,291.42071676869966,3.691216191724727,0.06437932066895076,0.9979254997594782,Umberatana_Group,Heysen_Supergroup
306236.67769529915,6413336.83538956,286.0,105.0316852820628,-0.965782548429034,0.25935317455146145,Umberatana_Group,Heysen_Supergroup
307459.7883535561,6412980.320400873,289.1684578840186,125.25162292262004,-0.8166252069984766,0.5771683214580433,Umberatana_Group,Heysen_Supergroup
307953.46468037297,6412488.182312793,291.82048043084194,125.96087863011496,-0.8094181435951707,0.5872327211753,Umberatana_Group,Heysen_Supergroup
303986.36952814367,6407921.0156301875,337.28830349390375,165.9518085979049,0.24273792434354552,-0.9700919029068263,Umberatana_Group,Heysen_Supergroup
302726.96158206445,6409041.7416839795,331.33178668582946,135.16369512172915,0.7050836806389722,-0.7091241099388738,Umberatana_Group,Heysen_Supergroup
302108.0345720035,6410350.037105541,331.99999999999994,137.92609683571513,0.670088597456586,-0.7422811270392542,Umberatana_Group,Heysen_Supergroup
305412.16815058026,6414348.032534978,296.2459454923543,42.916058845719164,-0.6809261591458827,-0.7323520777541604,Umberatana_Group,Heysen_Supergroup
273361.583401639,6405266.089208195,548.4943297980183,168.71703558866938,0.19565457226095928,-0.9806728753021474,Yerelina_Subgroup,Heysen_Supergroup
272775.2808093689,6408893.999526234,499.84165203743635,0.882706589220021,-0.015405526879570674,-0.9998813278292393,Yerelina_Subgroup,Heysen_Supergroup
273273.4192087741,6411613.888841394,493.67131875811265,23.131832181040892,-0.3928480871128905,-0.9196033821445758,Yerelina_Subgroup,Heysen_Supergroup
275531.98432979756,6416130.874914734,464.9694172300424,30.001184215716023,-0.5000178993074763,-0.8660150693678134,Yerelina_Subgroup,Heysen_Supergroup
281287.96995928773,6423436.891097431,470.9202488234254,46.77028998408829,-0.7286135660219722,-0.6849250115222433,Yerelina_Subgroup,Heysen_Supergroup
282775.42287782684,6424927.763634585,458.470036362666,26.709040096748225,-0.4494599486714944,-0.8933004839023752,Yerelina_Subgroup,Heysen_Supergroup
283719.9604047053,6425664.47923097,463.7884682460931,81.69405534501546,-0.989510806238197,-0.14445886728696683,Yerelina_Subgroup,Heysen_Supergroup
284618.75013845606,6416573.430150693,496.4616848057641,22.742675828653127,0.386593072692785,0.9222503977477868,Umberatana_Group,Heysen_Supergroup
283297.2700743645,6414159.6638528295,484.4093050102004,71.33371551325763,0.9473987774013207,0.3200555523319083,Umberatana_Group,Heysen_Supergroup
281346.9725851457,6412792.114071049,528.1403966190453,52.54347437611602,0.7938150223872669,0.6081592803142143,Umberatana_Group,Heysen_Supergroup
278368.8717755244,6407750.513866511,527.0500477143501,19.76149276781514,0.3381054985371976,0.9411082147441456,Umberatana_Group,Heysen_Supergroup
326876.0480852146,6432084.016526772,225.15102088843344,27.78633573046927,0.4661756664641099,0.8846921769727271,Burra_Group,Warrina_Supergroup
325707.9222961712,6430000.948728751,227.85716944697668,38.84572358987607,0.627225544658523,0.7788376699465808,Burra_Group,Warrina_Supergroup
324003.7884546504,6428624.381016369,231.70501551543404,69.06215092790235,0.9339686126182867,0.35735504843764637,Burra_Group,Warrina_Supergroup
322233.8998265277,6428467.4574222155,237.15440043196824,99.5914150847278,0.9860210138037593,-0.1666210080914371,Burra_Group,Warrina_Supergroup
265604.67488267267,6429963.865224222,412.0274776092447,137.92615610184993,-0.6700878296486557,0.7422818201712569,Yudnamutana_Subgroup,Heysen_Supergroup
304976.0473450251,6423795.447745559,349.11123144316485,52.47896851509102,0.7931298296073396,0.6090526031362417,Yudnamutana_Subgroup,Heysen_Supergroup
297919.9083761637,6408514.025736798,382.4254114994743,34.44519165035415,0.5656176301928381,0.82466762784472,Yudnamutana_Subgroup,Heysen_Supergroup
304481.1382773595,6423569.592208501,354.0919988827175,90.98438717132255,0.9998524137332864,-0.017179952029080302,Yudnamutana_Subgroup,Heysen_Supergroup
303497.35377556965,6423475.560249213,364.4301521677135,87.44605437998048,0.9990067098672027,0.044560000452273346,Yudnamutana_Subgroup,Heysen_Supergroup
302806.1046201119,6423435.767737637,415.5943967410911,72.87044955461667,0.9556412356315968,0.2945332388042392,Yudnamutana_Subgroup,Heysen_Supergroup
302203.9377728122,6423263.410839863,439.5971057327404,71.65533093735655,0.9491803936365729,0.31473255366409175,Yudnamutana_Subgroup,Heysen_Supergroup
300506.6500415464,6422208.226517824,457.1651611138526,49.82997295098766,0.7641335802465327,0.6450580373420798,Yudnamutana_Subgroup,Heysen_Supergroup
298615.85933106235,6420127.320360456,437.6853436453506,25.409942704322884,0.429091885361373,0.9032608448931141,Yudnamutana_Subgroup,Heysen_Supergroup
297833.2851511313,6417948.884443142,479.5231911177897,11.09998757938189,0.19252175380061085,0.9812927057272652,Yudnamutana_Subgroup,Heysen_Supergroup
296587.29393748555,6413770.706602307,580.1023596343615,26.31238047915718,0.44326489337831915,0.8963906705774594,Yudnamutana_Subgroup,Heysen_Supergroup
294957.0610073955,6409427.781133747,556.2189908105895,27.346115882783664,0.4593646307448726,0.8882477897639975,Yudnamutana_Subgroup,Heysen_Supergroup
267739.4734882711,6432388.30170096,493.17147036908125,42.194669639140415,-0.6716516676257154,-0.7408670848239889,Yudnamutana_Subgroup,Heysen_Supergroup
274366.7524645438,6436346.320965932,541.2227951778018,38.75635428262922,-0.6260099599831328,-0.7798150614100221,Yudnamutana_Subgroup,Heysen_Supergroup
267044.9785473064,6431648.869084484,465.5808483976162,169.860093220707,0.17605239458436298,-0.9843807974361912,Emeroo_Subgroup,Warrina_Supergroup
267790.46833987633,6433327.949747952,471.10698749354015,41.57328622181694,-0.6635774845888073,-0.7481075604127999,Emeroo_Subgroup,Warrina_Supergroup
269261.87399160187,6434797.973834056,481.26017577087543,171.09109935300668,0.154863859645864,-0.9879358202715327,Emeroo_Subgroup,Warrina_Supergroup
275547.93909315846,6444361.57548802,486.13009578118795,4.7909794834785435,0.0835209567386084,0.9965060209479256,Yudnamutana_Subgroup,Heysen_Supergroup
305230.0768664342,6415808.188551355,310.9127122893949,105.73032102828583,-0.9625484093934336,0.27110986624276695,Yudnamutana_Subgroup,Heysen_Supergroup
301379.2215960245,6410880.805216059,342.0404443823022,123.69668841283703,0.8319861896942461,-0.5547963411541662,Yudnamutana_Subgroup,Heysen_Supergroup
303094.92451390985,6413972.437909611,338.996943928958,40.77732746079025,-0.6531210019784826,-0.7572535617444286,Yudnamutana_Subgroup,Heysen_Supergroup
261257.0835085228,6413824.435822512,458.62260722265137,15.253036155820851,0.2630823390523738,0.9647733842093343,Yerelina_Subgroup,Heysen_Supergroup
259027.62335122423,6408909.111109296,496.09873496015246,29.993433590396688,0.4999007454702491,0.8660827008307517,Yerelina_Subgroup,Heysen_Supergroup
256357.43133352115,6405215.192453387,433.600264530153,31.39358304753014,0.5209140334884604,0.8536091434109542,Yerelina_Subgroup,Heysen_Supergroup
279816.5289619522,6408301.885492433,562.0297774703872,27.33978944711305,-0.45926655017102064,-0.8882985060743992,Emeroo_Subgroup,Warrina_Supergroup
281705.4579760438,6408897.15566876,468.3232748420453,93.01974036351348,-0.9986114439502333,0.05268001529640921,Emeroo_Subgroup,Warrina_Supergroup
283008.411792835,6412721.032586793,531.1574348790324,125.25170291984253,0.8166244011466562,-0.5771694616417825,Yudnamutana_Subgroup,Heysen_Supergroup
281991.77744006494,6412444.30144676,550.6529856862009,47.91663917667386,0.7421705072185028,0.6702111146609181,Yudnamutana_Subgroup,Heysen_Supergroup
280436.5367436139,6410436.948628864,578.7226940806784,25.343817124132695,0.42804913826909313,0.9037554620731687,Yudnamutana_Subgroup,Heysen_Supergroup
278676.68976904626,6407195.324487276,534.7170188389161,19.45761516156092,0.33310944422070415,0.9428881684330191,Yudnamutana_Subgroup,Heysen_Supergroup
264034.0020314304,6409823.922620028,481.88757774925193,22.788676496899953,0.38733338884724516,0.9219397192246945,Yudnamutana_Subgroup,Heysen_Supergroup
291789.7048117151,6436867.180199766,503.7450406237831,145.61806578870187,0.5647068108749917,-0.8252915955899445,Burra_Group,Warrina_Supergroup
296001.5606542082,6438718.609120977,476.020745989708,50.009908837164716,-0.7661555965304734,-0.6426551189440839,Umberatana_Group,Heysen_Supergroup
297486.5472967259,6439168.51408172,470.8873408098537,55.616817708685105,-0.8252792943260373,-0.5647247881550073,Umberatana_Group,Heysen_Supergroup
298796.9099975277,6439901.558062282,455.8969430093009,53.751001336634104,-0.8064549382390531,-0.5912955543464242,Umberatana_Group,Heysen_Supergroup
301327.1709913427,6442557.928671274,388.1825990597448,43.86499512431155,-0.6929614779504356,-0.7209746112566987,Umberatana_Group,Heysen_Supergroup
302716.99388611864,6444510.446356444,361.6979107819256,27.896648234328183,-0.4678781137479131,-0.8837930021649271,Umberatana_Group,Heysen_Supergroup
303048.99766795145,6445865.78592387,344.1925536585732,163.33208710023135,0.28682406974942914,-0.9579832738687949,Umberatana_Group,Heysen_Supergroup
302678.3007701097,6446692.777769013,353.43703494913007,164.64271433451512,0.26483730506655934,-0.9642931099230576,Umberatana_Group,Heysen_Supergroup
302596.9639352091,6448366.957806464,344.22320981348486,17.603406742240537,-0.302426565854837,-0.9531726875363403,Umberatana_Group,Heysen_Supergroup
303041.0115154083,6448988.573863942,339.2692628752341,137.90649415122698,-0.670342515904597,0.7420518252593244,Umberatana_Group,Heysen_Supergroup
307323.3720995921,6448743.02835301,307.45088649347235,73.72378802019408,-0.9599217362498863,-0.2802681934772541,Umberatana_Group,Heysen_Supergroup
309449.0151694251,6446773.782754617,304.94445024271465,12.026772563867095,0.2083687265347721,0.9780503431839678,Umberatana_Group,Heysen_Supergroup
308723.91112200316,6445440.2750721285,312.6469789589931,53.50873718998795,0.8039475574226098,0.5947001975064573,Umberatana_Group,Heysen_Supergroup
305973.4263679521,6443540.351028858,337.8178513509797,53.400849491481836,0.8028263149852689,0.5962129719883439,Umberatana_Group,Heysen_Supergroup
304391.3203189515,6442355.482490257,369.0655109467839,30.25874832699286,0.5039058677195458,0.8637585753425616,Umberatana_Group,Heysen_Supergroup
304331.757294356,6441493.34847286,357.7481432798378,163.18020965029578,-0.2893624443245894,0.957219606889923,Umberatana_Group,Heysen_Supergroup
292692.3797128936,6432748.023249493,491.55947402401335,178.11546061586031,0.03288548688657701,-0.9994591261038306,Umberatana_Group,Heysen_Supergroup
292667.8003275249,6434277.19456684,481.5505249551069,162.53675232841647,0.3000939767659093,-0.9539096420043263,Umberatana_Group,Heysen_Supergroup
291941.99830228277,6436625.337903797,498.58342298471933,151.56168163986808,0.47621239539499294,-0.8793302874757375,Umberatana_Group,Heysen_Supergroup
293408.08759529353,6438580.148935437,515.7841654933858,79.06661721137762,0.9818483715419423,0.18966753886850538,Emeroo_Subgroup,Warrina_Supergroup
289343.57839124167,6436682.71221842,527.4009053293632,164.00844402603897,0.27549568586611545,-0.9613023078455385,Emeroo_Subgroup,Warrina_Supergroup
290910.78009924357,6442837.82309426,579.974582327023,174.57683202438395,0.0945108685167784,-0.9955238298163456,Emeroo_Subgroup,Warrina_Supergroup
296495.7713035266,6444632.667846035,424.4984820799571,38.19853142701507,-0.6183882525154119,-0.7858727436111621,Emeroo_Subgroup,Warrina_Supergroup
289800.2460719353,6436604.602237638,517.723649328429,72.37563436929422,0.9530619956413167,0.3027752177180141,Emeroo_Subgroup,Warrina_Supergroup
301245.55672094226,6443862.044445246,405.4031091131613,33.3672168754963,-0.5500029722102894,-0.8351626970595893,Yudnamutana_Subgroup,Heysen_Supergroup
301616.5809798948,6448901.221594537,353.77124807032004,7.88556326547868,-0.1371949644428969,-0.990544063498193,Yudnamutana_Subgroup,Heysen_Supergroup
264819.6038124269,6409279.469093746,491.3696809226132,7.188777400328956,0.12513890435023511,0.9921392314680548,Burra_Group,Warrina_Supergroup
268111.9782083201,6406722.741864067,452.87088485101447,45.07850578921841,-0.7080749838744558,-0.7061372509726345,Burra_Group,Warrina_Supergroup
251501.45998068544,6452250.646066437,418.9448416256885,54.31611058464436,-0.81224757650695,-0.5833128444142014,ABC_Range_Quartzite,Wilpena_Group
254471.28369636444,6456822.407059945,434.20671026767593,31.159382392935385,-0.5174205021416127,-0.8557312802296766,ABC_Range_Quartzite,Wilpena_Group
255081.59717373998,6456544.173926562,437.8501194553777,25.44585737096986,0.4296579912832278,0.9029917001426214,ABC_Range_Quartzite,Wilpena_Group
252128.74886645377,6451891.2102699345,391.7239433564423,60.57993352902018,0.8710418304408761,0.4912088452198391,ABC_Range_Quartzite,Wilpena_Group
255923.41743461345,6456704.666534231,419.4528595211338,21.78127522207102,0.37106437817456245,0.9286071436565224,Wilpena_Group,Heysen_Supergroup
253038.33246694488,6452139.623006307,375.8767607360811,38.85779360074404,0.6273896017973255,0.7787055204354167,Wilpena_Group,Heysen_Supergroup
254736.93957157803,6453520.095224051,411.6644211723644,35.47227455772867,0.5803089370314856,0.8143964253368179,Yerelina_Subgroup,Heysen_Supergroup
312016.6433064514,6421125.058138026,257.29176572689016,6.573791590253078,0.1144827468921493,0.9934252365749665,Umberatana_Group,Heysen_Supergroup
311256.4712431262,6419858.719358947,265.77632446246366,43.86499881326509,0.6929615243699411,0.7209745666407986,Umberatana_Group,Heysen_Supergroup
309669.5863713534,6418878.949262413,283.80167838841925,164.66368310935994,0.2644843809766606,-0.9643899689541533,Umberatana_Group,Heysen_Supergroup
309925.3359698212,6420161.106892819,297.6664860084103,32.3233082810095,-0.5346961629587681,-0.8450443854124886,Umberatana_Group,Heysen_Supergroup
311064.953602543,6421249.686585556,277.35968752492755,65.21509566806682,-0.9078879596915844,-0.41921289656575683,Umberatana_Group,Heysen_Supergroup
253421.8824995726,6407048.807934699,420.22253353142014,137.37701256633474,0.6771712420628835,-0.7358254609097268,ABC_Range_Quartzite,Wilpena_Group
251707.2269916064,6410532.955153124,520.4529714526703,0.07980939393368658,-0.0013929362477179263,-0.9999990298638344,ABC_Range_Quartzite,Wilpena_Group
251744.0988188443,6414413.181082521,431.1219882271883,15.749057107736661,-0.27142461111203064,-0.9624597033033035,ABC_Range_Quartzite,Wilpena_Group
253827.6871033415,6418184.341977268,431.6704736125435,30.095482713757576,-0.5014425257493786,-0.8651909577486832,ABC_Range_Quartzite,Wilpena_Group
256298.8467045135,6420627.1562203225,409.1334428704486,82.07466783706171,-0.9904485981195518,-0.13788246619137234,ABC_Range_Quartzite,Wilpena_Group
257945.6349828212,6418936.3699071435,523.8442050221284,128.87969042854263,-0.7784656929979473,0.6276871552176496,ABC_Range_Quartzite,Wilpena_Group
258117.9975218239,6416297.864841489,678.0394872947049,16.24295731379467,0.27971100444936825,0.9600842431734444,ABC_Range_Quartzite,Wilpena_Group
256993.29161814053,6414021.174347568,635.222915910947,22.689013571636217,0.38572913915379986,0.9226120697279374,ABC_Range_Quartzite,Wilpena_Group
255340.97592017718,6410412.0445030555,545.688514918455,11.930055070664276,0.20671744361772149,0.9784006840268226,ABC_Range_Quartzite,Wilpena_Group
253659.4716560543,6406046.13188442,435.8140518187322,36.772744266452825,0.5986426210054377,0.8010162372360125,ABC_Range_Quartzite,Wilpena_Group
254246.5197123218,6409533.356577746,443.4909528091132,20.020166604387697,-0.34235086917057983,-0.9395721805045892,ABC_Range_Quartzite,Wilpena_Group
256504.5743461189,6414392.581864607,550.4570258672813,33.64488138473246,-0.5540438298720657,-0.8324874981527912,ABC_Range_Quartzite,Wilpena_Group
257105.12608061993,6417612.618467441,614.342950797786,166.72325760183756,0.22965468379615508,-0.9732721747848789,ABC_Range_Quartzite,Wilpena_Group
254653.22322873538,6417588.522018582,510.50742693007953,38.814913462697966,0.6268066432564071,0.7791748404367503,ABC_Range_Quartzite,Wilpena_Group
252391.71918426664,6414449.961684925,479.59901440425614,19.975683906860084,0.3416213108538489,0.9398376880985876,ABC_Range_Quartzite,Wilpena_Group
252473.39705663227,6411076.267779164,470.9011487936841,142.46552907950084,-0.6092386248165113,0.7929869469491199,ABC_Range_Quartzite,Wilpena_Group
319453.71273211524,6420419.627439723,249.972479790117,62.95520062326809,0.8906512782202852,0.4546870358879526,Yudnamutana_Subgroup,Heysen_Supergroup
317602.21595532686,6419803.841882523,249.5601671667549,116.33972398527723,0.8961790273363047,-0.4436926311790118,Yudnamutana_Subgroup,Heysen_Supergroup
316941.8470574669,6420371.920034354,242.7631592561048,158.14019656671013,0.3723367557753037,-0.9280976997594175,Yudnamutana_Subgroup,Heysen_Supergroup
316855.37227473856,6421336.662894742,241.06556802743796,33.43973482918784,-0.5510595776586547,-0.8344659021617751,Yudnamutana_Subgroup,Heysen_Supergroup
317639.49126177933,6422362.749506751,239.4301097675923,47.91665153165101,-0.7421706517394797,-0.6702109546229426,Yudnamutana_Subgroup,Heysen_Supergroup
319955.1192002642,6421444.435900505,237.96813694424193,37.18110207811434,0.6043363617539481,0.7967292901996267,Yudnamutana_Subgroup,Heysen_Supergroup
330259.9489674126,6453511.547234038,215.98116,117.55825808813891,0.886540870840088,-0.4626502829677061,Yudnamutana_Subgroup,Heysen_Supergroup
329900.6722067331,6454764.761517026,217.5857624279466,12.316719569130868,-0.21331549036552372,-0.9769833681133554,Yudnamutana_Subgroup,Heysen_Supergroup
331545.57059287507,6456598.898933409,223.92515739960032,56.20175132634691,-0.8310014728465668,-0.556270215027586,Yudnamutana_Subgroup,Heysen_Supergroup
333477.76376274554,6457479.40358381,212.86807272262803,63.62112480086492,-0.8958756351581019,-0.4443049024375801,Yudnamutana_Subgroup,Heysen_Supergroup
336294.14732684684,6455572.0452434365,220.96664088375292,102.48814024631606,0.9763407874191415,-0.2162375240835194,Yudnamutana_Subgroup,Heysen_Supergroup
334518.4878470356,6455349.64020321,209.08828692936237,105.55861350700076,0.9633565645171853,-0.26822402875515466,Yudnamutana_Subgroup,Heysen_Supergroup
285113.0942964369,6455242.0165882865,652.3114063209404,67.5990946824851,-0.9245400122909921,-0.3810849848432395,Yerelina_Subgroup,Heysen_Supergroup
285792.70328501635,6456674.786086279,732.608854814152,13.493092139307691,-0.2333281284643239,-0.9723980586505385,Yerelina_Subgroup,Heysen_Supergroup
286326.432525735,6458011.591005656,763.1890061044331,45.0000485875552,-0.7071073808219045,-0.7071061815506821,Yerelina_Subgroup,Heysen_Supergroup
288336.01113670744,6457577.298524844,665.7000196287892,172.7078852482106,-0.1269280993703861,0.9919119202783186,Yerelina_Subgroup,Heysen_Supergroup
288567.3706494404,6456210.257298363,624.5971529436324,28.573553677651702,0.4782865516188095,0.878203834278004,Yerelina_Subgroup,Heysen_Supergroup
287557.0708436399,6455774.904958909,690.9022790485722,69.88887846796887,0.9390275275304495,0.3438419732086978,Yerelina_Subgroup,Heysen_Supergroup
287469.50548432383,6455114.6223872285,691.0842519249534,142.8931618712074,-0.6033031733857912,0.7975119315612991,Yerelina_Subgroup,Heysen_Supergroup
287735.0871167518,6453654.923142256,604.9005817286578,28.175555013814293,0.47217471772495906,0.8815049835034146,Yerelina_Subgroup,Heysen_Supergroup
287924.63735018624,6451872.703783122,661.5240919975345,161.15149715820928,-0.3230669507190717,0.946376111994106,Yerelina_Subgroup,Heysen_Supergroup
287953.6366963586,6449692.975458732,630.5328393904899,8.66040664747359,0.150577700942027,0.9885981772080169,Yerelina_Subgroup,Heysen_Supergroup
286376.24167933944,6443658.945372822,630.4426237795944,20.195598249196276,0.34522609821149425,0.9385195475394574,Yerelina_Subgroup,Heysen_Supergroup
283789.35908120254,6435850.84726045,553.7519599745505,21.70219210053107,0.3697823050317144,0.9291184245753779,Yerelina_Subgroup,Heysen_Supergroup
281447.5733275888,6431695.20974274,523.997641630674,31.303920681916946,0.5195775802626899,0.8544232780585791,Yerelina_Subgroup,Heysen_Supergroup
276648.3256351004,6425100.590950465,488.9138233618766,33.56513903342054,0.5528846653695527,0.833257791322228,Yerelina_Subgroup,Heysen_Supergroup
273689.0006741541,6421541.019959317,445.95754463654845,49.0084257478834,0.7548060501623491,0.6559480365381951,Yerelina_Subgroup,Heysen_Supergroup
271968.8384499701,6420325.676905653,510.146219317083,69.8888570082986,0.9390273987471569,0.3438423249138301,Yerelina_Subgroup,Heysen_Supergroup
269835.8468746644,6419950.718534164,458.4363647723759,97.03409528676107,0.9924734545070696,-0.12245996120693273,Yerelina_Subgroup,Heysen_Supergroup
267894.20567975997,6420890.930817982,454.4931597411328,135.6153803177815,0.6994715242722284,-0.7146604695464032,Yerelina_Subgroup,Heysen_Supergroup
267047.2524996471,6421813.602319324,431.4271509475266,142.8932285867241,0.6033022447581597,-0.7975126340502484,Yerelina_Subgroup,Heysen_Supergroup
266365.6614829955,6422682.514178398,423.57756272938684,139.71510827247585,0.6465886497018289,-0.7628388545930036,Yerelina_Subgroup,Heysen_Supergroup
266421.87226179545,6424183.621084089,442.78117701318934,24.119840551095905,-0.40864653479771357,-0.912692724632897,Yerelina_Subgroup,Heysen_Supergroup
267840.780506724,6426605.323719364,438.7300615925875,30.258789582000105,-0.503906489656434,-0.8637582125121186,Yerelina_Subgroup,Heysen_Supergroup
270722.4345140959,6430770.825677778,535.0066998893668,43.47431602746809,-0.6880293430572694,-0.7256828667484043,Yerelina_Subgroup,Heysen_Supergroup
276592.22980357974,6437205.040251145,513.6299100181352,35.36250977054948,-0.578747687480132,-0.8155066610619436,Yerelina_Subgroup,Heysen_Supergroup
278604.4226366306,6440404.485113749,507.6424954944458,29.36795355970665,-0.4904163931208383,-0.8714882451062362,Yerelina_Subgroup,Heysen_Supergroup
280199.2203818209,6443975.0802377025,541.6125294127487,17.49714779185652,-0.30065832269842074,-0.9537319188284371,Yerelina_Subgroup,Heysen_Supergroup
281857.8867040774,6448070.989453331,626.4774523684887,26.824122463402148,-0.45125329399517616,-0.8923959125066089,Yerelina_Subgroup,Heysen_Supergroup
283474.5435851563,6451754.183937993,676.2317603731623,16.9190396407204,-0.2910201309239388,-0.9567169296071925,Yerelina_Subgroup,Heysen_Supergroup
284169.3413201517,6454269.537376894,629.8751490032821,25.37808084910364,-0.42858952085227076,-0.9034993207610179,Yerelina_Subgroup,Heysen_Supergroup
314137.6740753498,6407917.686074426,267.2441500527852,92.14891101127982,-0.999296748459087,0.03749678011638194,Burra_Group,Warrina_Supergroup
315032.9804543113,6408362.095847549,261.1104766925492,28.57355041739146,-0.4782865016470122,-0.8782038614935957,Burra_Group,Warrina_Supergroup
315835.8550637339,6409605.535893567,259.7637953417309,56.2017523211817,-0.8310014825051656,-0.5562702005987888,Burra_Group,Warrina_Supergroup
316675.97867649316,6410227.919923794,261.1639239391013,176.56784948741804,0.05986650882103564,-0.9982063920460442,Burra_Group,Warrina_Supergroup
312664.09541724104,6412374.354604835,274.30763239479353,157.1357205963555,-0.3885495688676318,0.9214278227472716,Burra_Group,Warrina_Supergroup
312672.62599099823,6411194.910040846,265.39122321651314,13.196522005101976,0.22829177105329482,0.9735927625395281,Burra_Group,Warrina_Supergroup
311847.0676296754,6409746.602526809,279.5244809088772,26.312403836528787,0.4432652588036274,0.8963904898746713,Burra_Group,Warrina_Supergroup
311724.77761341695,6408499.140430899,276.5278674253496,147.33205852039237,-0.5397693881560756,0.841812929105758,Burra_Group,Warrina_Supergroup
311725.337925224,6405167.727416527,276.42849865487096,165.2618413051887,0.2544020836143488,-0.9670985367855118,Burra_Group,Warrina_Supergroup
311120.01326217334,6406284.880299255,291.7733816694881,119.06521341951593,0.8740673358129851,-0.48580478843336866,Burra_Group,Warrina_Supergroup
309971.468709526,6405981.220067394,302.56416593581463,49.92139935735832,0.7651619208091216,0.6438378949267396,Burra_Group,Warrina_Supergroup
309441.78037873516,6418682.270662087,285.4049039192353,81.39863887400482,0.9887528283869211,0.14955883242678722,Yudnamutana_Subgroup,Heysen_Supergroup
308518.2856864756,6418919.87552146,291.0911140008553,109.07575311487224,0.9450873022201692,-0.3268179786703943,Yudnamutana_Subgroup,Heysen_Supergroup
307231.2896220131,6419576.157477211,302.0,122.81165472793909,0.8404563954105418,-0.5418791815649675,Yudnamutana_Subgroup,Heysen_Supergroup
306756.2665750218,6420363.6699544415,308.13542495385855,12.955112545512435,-0.2241876308737843,-0.9745460000242163,Yudnamutana_Subgroup,Heysen_Supergroup
307137.31140793336,6422014.484303315,292.14667881887544,23.783039441450285,-0.40327443452021006,-0.9150790842667123,Yudnamutana_Subgroup,Heysen_Supergroup
307620.03459967417,6422447.063539258,295.89326472271694,75.28067761788407,-0.967182120650698,-0.25408413073944375,Yudnamutana_Subgroup,Heysen_Supergroup
310405.73034727,6422434.745655141,270.2314592577825,86.59468470749412,-0.9982343218142506,-0.059398979385534754,Yudnamutana_Subgroup,Heysen_Supergroup
311796.29362195765,6421989.616054356,259.0286029123363,138.89119670983345,-0.6574910203354448,0.7534623800683453,Yudnamutana_Subgroup,Heysen_Supergroup
293410.95770350134,6455767.268978419,540.9092085747583,75.25640382478365,0.9670743891802427,0.25449386199211227,Yudnamutana_Subgroup,Heysen_Supergroup
294372.94175864704,6456278.478927951,525.3134803817461,42.27374551295713,0.6726735237476877,0.7399394099849452,Yudnamutana_Subgroup,Heysen_Supergroup
295461.53704790946,6457862.511199361,468.72734306303516,43.78110674526669,0.6919051361692901,0.7219884227205835,Yudnamutana_Subgroup,Heysen_Supergroup
309234.1055242361,6412338.608271571,299.2435979852551,72.16842656470835,-0.9519607916076164,-0.3062199393276021,Yudnamutana_Subgroup,Heysen_Supergroup
310880.3882056124,6412983.522184612,288.9104310195405,83.47162287796176,-0.9935156671865375,-0.11369529038130467,Yudnamutana_Subgroup,Heysen_Supergroup
312452.59878594545,6412743.178950161,278.7215511236433,129.29956871447473,-0.7738449773856348,0.6333750476416214,Yudnamutana_Subgroup,Heysen_Supergroup
303132.7414957987,6406972.997858558,334.3827374887386,60.171144857284844,-0.86751505867585,-0.49741091963349215,Yudnamutana_Subgroup,Heysen_Supergroup
306030.7350184112,6406179.326507806,382.04286414642434,64.48285686194906,0.9024564332209899,0.43078113484465536,Yudnamutana_Subgroup,Heysen_Supergroup
268994.1416550005,6413503.097424082,450.0,25.292568601079466,-0.42724059813518606,-0.9041379713877128,Yudnamutana_Subgroup,Heysen_Supergroup
267697.9837150221,6414229.8189713415,434.3759511953318,57.61736480608839,0.8444902813781715,0.5355708773428748,Yudnamutana_Subgroup,Heysen_Supergroup
264716.95929281734,6420086.3644426465,407.0132257918477,59.037922724049736,-0.8575080044679687,-0.5144706233336964,Yudnamutana_Subgroup,Heysen_Supergroup
282299.01295014616,6411197.419119852,501.6563649550367,52.69831885627756,0.7954556999079787,0.6060117403845472,Burra_Group,Warrina_Supergroup
272732.26331009925,6458250.017521903,452.1494646457236,91.235480270634,-0.9997675232419341,0.02156152755926285,Burra_Group,Warrina_Supergroup
264664.36537216033,6450515.383358648,407.1839597653048,11.510685169927768,-0.1995506784757318,-0.9798875071761427,Burra_Group,Warrina_Supergroup
264440.7274394644,6451225.790565786,407.03250507959353,114.14820204972968,0.9124903321634459,-0.4090982690115473,Burra_Group,Warrina_Supergroup
263440.1909308209,6451528.770466991,393.7110948388391,131.58917904298804,0.7479234671475963,-0.6637849706719176,Burra_Group,Warrina_Supergroup
263977.5991219373,6452851.812842417,399.85328766780253,31.47161622486891,-0.522076110927081,-0.8528989004561174,Burra_Group,Warrina_Supergroup
266038.8845448437,6454952.403426163,399.94085396325323,98.48538513272422,-0.9890535340495734,0.1475571305767683,Burra_Group,Warrina_Supergroup
266530.91321420186,6454434.72764371,420.82877930055963,178.15842623504247,-0.032135991787314896,0.9994835056327072,Burra_Group,Warrina_Supergroup
267069.3852753283,6454202.832004366,412.1705109512864,40.29965444821701,-0.6467851798335313,-0.7626722304815526,Burra_Group,Warrina_Supergroup
268614.37889310496,6456984.703773925,402.36725633455274,5.114007158563169,-0.08913779739852078,-0.996019303565418,Burra_Group,Warrina_Supergroup
275414.3629006131,6453946.29120242,531.0,174.45277469259315,-0.09666616235050608,0.9953168606310383,Burra_Group,Warrina_Supergroup
274513.341416518,6451650.816669285,548.6208519848042,113.73015037038475,0.9154509523119584,-0.4024295639129019,Burra_Group,Warrina_Supergroup
274542.75361378456,6449919.344881782,503.10219009554385,68.41421212118308,-0.9298677699562392,-0.36789391187760967,Burra_Group,Warrina_Supergroup
268770.2476973092,6446537.532674108,460.66298049594263,154.2620695226191,0.4342555130625356,-0.9007897364950347,Burra_Group,Warrina_Supergroup
275280.4551443329,6455699.777378352,512.3995192009428,176.34772597378762,0.06370104681862931,-0.9979690258891859,Emeroo_Subgroup,Warrina_Supergroup
275538.2750314372,6456255.50367149,522.1666961442191,10.007922067831993,0.17378434160010603,0.984783733930764,Emeroo_Subgroup,Warrina_Supergroup
263466.4054440472,6426013.622502802,383.24464298569654,9.224537259433806,0.16030392001285584,0.9870677044805547,Umberatana_Group,Heysen_Supergroup
255564.79389684642,6442156.260881233,358.9326021978343,76.72541853789099,-0.9732808356221866,-0.22961797623569935,Umberatana_Group,Heysen_Supergroup
256995.91714086727,6443049.1285203,357.27329358063685,44.02151191951006,-0.6949284003698972,-0.7190789375022301,Umberatana_Group,Heysen_Supergroup
274071.1912709908,6440806.236951435,504.29757585097934,54.6674060495885,0.8158087311621215,0.5783218084766035,Umberatana_Group,Heysen_Supergroup
271929.54315165256,6438253.327043033,514.0126317033219,122.46067672121838,0.8437600069865915,-0.536720644851665,Umberatana_Group,Heysen_Supergroup
274763.0991434372,6444294.22877859,489.76429368305696,4.820766652324384,0.08403901313507181,0.996462465058912,Umberatana_Group,Heysen_Supergroup
253605.79159584042,6428066.939713654,312.2753798549872,77.12909289489353,0.9748744275244982,0.22275513587520704,Umberatana_Group,Heysen_Supergroup
252192.41757576453,6428256.315371601,324.236036374042,120.28369892047802,0.8635390575588836,-0.5042819608813259,Umberatana_Group,Heysen_Supergroup
251108.12184069943,6428471.632301759,313.0057753585237,86.59469361756037,0.9982343310513734,0.0593988241501223,Umberatana_Group,Heysen_Supergroup
260687.1198104606,6405140.475120334,476.7577915864176,25.283191706957414,0.4270926232950579,0.9042078804826608,Umberatana_Group,Heysen_Supergroup
260845.78645299975,6457965.432813409,402.19938564626665,30.904250198270592,0.5136049018601536,0.8580268088965647,Umberatana_Group,Heysen_Supergroup
260098.00082743325,6455864.996041453,388.4909743938283,176.99964458198934,-0.052342150955153564,0.9986292100841974,Umberatana_Group,Heysen_Supergroup
257900.38822768582,6451169.959164565,384.76776044767587,121.19280357304604,-0.8554293183023332,0.5179195703859871,Umberatana_Group,Heysen_Supergroup
262463.14814086875,6449384.950898236,401.551123310692,93.57945470778806,-0.9980491798763139,0.06243264008687215,Umberatana_Group,Heysen_Supergroup
270961.57982214226,6444586.203624473,464.41832964503146,29.428519687916605,-0.49133735030838344,-0.8709693497431106,Umberatana_Group,Heysen_Supergroup
260255.23580303826,6445681.228142583,418.170759629289,11.67868824395349,0.20242304931410507,0.979298171705829,Umberatana_Group,Heysen_Supergroup
258374.69045459945,6445686.018515356,392.7827116012138,83.7950806318062,0.9941416875727188,0.10808471228655223,Umberatana_Group,Heysen_Supergroup
256665.82901538105,6447300.203715703,368.17933804954606,105.76397994795249,0.9623889773879907,-0.27167527712712,Umberatana_Group,Heysen_Supergroup
250835.55699110118,6442108.013829214,311.23554735985016,176.6613265981237,-0.05823787275350049,0.9983027347338819,Umberatana_Group,Heysen_Supergroup
257828.86015429563,6444280.026878901,385.50945214127773,63.435015221658816,-0.8944277092646759,-0.4472125589689364,Umberatana_Group,Heysen_Supergroup
258074.94401525654,6443943.986026561,382.7346226687057,8.221662224613694e-05,1.4349507580630126e-06,0.9999999999989703,Umberatana_Group,Heysen_Supergroup
257689.22566310928,6442373.569001434,364.3341309710628,0.25491391552919573,0.004449072457332178,0.9999901028281577,Umberatana_Group,Heysen_Supergroup
259142.7264129338,6440793.189510619,404.5558199817507,76.11644067893309,-0.9707853736046687,-0.23994949134191537,Umberatana_Group,Heysen_Supergroup
263052.41346642503,6443006.001529407,449.83480217277906,41.46504206390898,-0.6621629637444829,-0.74935986644944,Umberatana_Group,Heysen_Supergroup
264651.5234024439,6444477.73482193,431.01253144252064,76.2862246441996,-0.9714921500326029,-0.23707172422081552,Umberatana_Group,Heysen_Supergroup
266277.0829996127,6444514.042627078,438.71839100837946,112.33649696722178,-0.9249678200650516,0.38004543392087503,Umberatana_Group,Heysen_Supergroup
267899.7182084647,6443379.950417478,443.0,142.16533928345962,-0.6133849407123623,0.7897840936023541,Umberatana_Group,Heysen_Supergroup
269328.8592012226,6442132.585864499,460.5204542514681,108.73761608676132,-0.9469995833213343,0.32123478826120216,Umberatana_Group,Heysen_Supergroup
270563.06058038236,6442174.225932917,472.9650232602395,35.74441439577541,-0.5841705447988179,-0.8116309349633318,Umberatana_Group,Heysen_Supergroup
270710.05799373356,6443168.761050146,492.3291050781554,157.3448841913382,0.38518322893897305,-0.9228401162412407,Umberatana_Group,Heysen_Supergroup
253582.7829486202,6439131.630364719,338.14877131447975,86.49470345741659,-0.9981291507014459,-0.06114080895776759,Umberatana_Group,Heysen_Supergroup
253378.67435653496,6436714.282532802,365.9364491012624,151.2878478961295,-0.4804095242751782,0.8770442913477615,Umberatana_Group,Heysen_Supergroup
255086.952211406,6437902.563895993,412.05004316634995,152.70986737222628,0.45849651168197686,-0.8886962072471442,Umberatana_Group,Heysen_Supergroup
256426.24093605645,6440669.09860956,377.17008590412524,154.56937610247604,0.42941789384256474,-0.9031059032294141,Umberatana_Group,Heysen_Supergroup
267982.94120393414,6434727.464067761,465.1452513804602,38.68306713765127,0.6250119851586604,0.7806151538421672,Umberatana_Group,Heysen_Supergroup
251877.1464383158,6433447.059647099,421.2376092525005,78.58652574114458,-0.980224664402624,-0.1978878654611325,Umberatana_Group,Heysen_Supergroup
250843.41448150424,6427715.149364628,318.9054993481826,124.74929912812885,-0.8216539103785065,0.5699867117395888,Umberatana_Group,Heysen_Supergroup
253238.62513499951,6426820.806549258,336.1713662490804,107.36879699455795,-0.9544030431765946,0.2985210732515466,Umberatana_Group,Heysen_Supergroup
257815.83984421825,6444856.436009206,390.5040551379625,174.27775042492362,0.09970615052520543,-0.9950169262617823,Yudnamutana_Subgroup,Heysen_Supergroup
257156.2458726783,6445342.567970475,391.54185347845873,83.52728021321195,0.9936256424477442,0.112730132042447,Yudnamutana_Subgroup,Heysen_Supergroup
254213.58098265366,6443217.464839196,332.8881745522432,9.336863322694585,0.16223871711347562,0.9867515384682072,Yudnamutana_Subgroup,Heysen_Supergroup
255672.41708859213,6445603.670692121,365.6987290548008,104.49668125777926,0.9681621415096585,-0.2503239256392249,Yudnamutana_Subgroup,Heysen_Supergroup
251803.77716068638,6441834.793470221,323.7116263611797,93.32373915493251,-0.9983178806269145,0.05797766139286409,Yudnamutana_Subgroup,Heysen_Supergroup
269232.77405193716,6445430.848778098,449.1078673556995,126.69216535373387,-0.8018573562332824,0.5975155062879716,Yudnamutana_Subgroup,Heysen_Supergroup
269373.1037807092,6444628.308617957,459.03065113450873,24.325557996014897,0.4119208683858433,0.9112196212704446,Yudnamutana_Subgroup,Heysen_Supergroup
269216.9158204447,6443203.931830101,468.4936202591321,126.06400969142098,-0.8083598277973864,0.588688702799179,Yudnamutana_Subgroup,Heysen_Supergroup
270194.45824973297,6443443.357214037,492.38371574877755,79.46732590952854,-0.9831508241514798,-0.1827962170567697,Yudnamutana_Subgroup,Heysen_Supergroup
262206.2051438771,6446646.290144218,412.0,57.42064243163058,0.8426464498026482,0.5384672326474405,Yudnamutana_Subgroup,Heysen_Supergroup
258785.78676517503,6442927.006189944,391.2100000818034,20.58466693090693,0.35159113453880997,0.936153659456455,Yudnamutana_Subgroup,Heysen_Supergroup
261577.0006887848,6442959.440662956,410.6631021036404,71.64200001778461,-0.9491071396135662,-0.3149533894635117,Yudnamutana_Subgroup,Heysen_Supergroup
265447.32283371565,6445514.815817716,444.89728420812077,83.29305169817734,-0.9931564934883246,-0.116791178784938,Yudnamutana_Subgroup,Heysen_Supergroup
289370.06765979284,6436306.939897259,525.4502965242147,56.43963375070087,0.8333038441646758,0.5528152524129318,Burra_Group,Warrina_Supergroup
288123.5066808698,6435676.271260148,515.9086710012085,44.75466572620543,0.7040725541390674,0.7101280437414721,Burra_Group,Warrina_Supergroup
287409.8382064855,6434323.660776475,511.9510905743045,41.573313638290095,0.6635778425639784,0.7481072428857616,Burra_Group,Warrina_Supergroup
286432.41493082314,6433181.133254953,506.6701421768409,15.591301382439887,0.26877359064115164,0.963203382974677,Burra_Group,Warrina_Supergroup
271532.80375732156,6426694.6350124255,671.0467650745297,3.409004353198469,-0.05946325183235357,-0.9982304952672615,ABC_Range_Quartzite,Wilpena_Group
272339.54501634696,6428138.642558673,602.3103356727539,36.85104653620709,-0.599736756385044,-0.8001973650548634,ABC_Range_Quartzite,Wilpena_Group
274959.14379684464,6431213.724069897,575.3027374880118,39.724835022382166,-0.639101255975228,-0.7691226070080672,ABC_Range_Quartzite,Wilpena_Group
276718.4740029669,6434002.298992168,563.3910856993489,27.896673643997957,-0.4678785056945082,-0.8837927946691317,ABC_Range_Quartzite,Wilpena_Group
277224.7013035653,6434255.018841498,568.064453592365,4.696131378730886,0.08187121530889836,0.996642917048952,ABC_Range_Quartzite,Wilpena_Group
275607.28946544055,6431220.491633056,575.1499223128961,36.80752887448425,0.5991288123674239,0.8006526501493643,ABC_Range_Quartzite,Wilpena_Group
274204.47626715555,6429060.503575198,610.0470371697749,24.119805235464874,0.40864597223753457,0.9126929765118388,ABC_Range_Quartzite,Wilpena_Group
274321.9965248448,6428161.207285404,565.5744518499758,81.82954568980868,-0.9898496487067846,-0.14211851728418456,ABC_Range_Quartzite,Wilpena_Group
275921.5280744296,6429585.609693006,537.180889228665,47.28671501028276,-0.7347573326756014,-0.6783300539408791,ABC_Range_Quartzite,Wilpena_Group
278220.1534839665,6432075.558867933,567.3105294176542,24.1800358921746,-0.40960519036504855,-0.9122628941407254,ABC_Range_Quartzite,Wilpena_Group
280546.92305678927,6436163.523545482,540.6642830095477,34.568985709878746,-0.567398096950978,-0.8234436225853042,ABC_Range_Quartzite,Wilpena_Group
280835.70496138657,6436066.228563813,557.5448013252005,176.56770051351526,-0.05986910424240286,0.9982062363846523,ABC_Range_Quartzite,Wilpena_Group
280214.0906480958,6434238.921480676,570.0385931699554,26.91093764298461,0.45260494332694623,0.8917111445283231,ABC_Range_Quartzite,Wilpena_Group
278772.2459304591,6431669.575793633,544.9416722110752,38.06818661455275,0.6165988356962347,0.7872775087718736,ABC_Range_Quartzite,Wilpena_Group
275781.49669621524,6428209.893669714,580.0794915083131,46.545473830195455,0.7259204675359857,0.6877786524837303,ABC_Range_Quartzite,Wilpena_Group
273857.06789027865,6426689.839409772,627.0659710721051,49.70747367226781,0.7627526905878068,0.6466902914077662,ABC_Range_Quartzite,Wilpena_Group
272579.2697486015,6425837.894698618,606.6939917699071,75.28068561172823,0.9671821561002271,0.25408399579925517,ABC_Range_Quartzite,Wilpena_Group
271614.53125704825,6426286.10296298,683.4491597600406,158.7245384368707,0.3628521756976885,-0.9318467141067,ABC_Range_Quartzite,Wilpena_Group
319104.298338432,6425011.255846662,246.430213869498,167.59811065803893,0.21476753305105398,-0.9766651968546665,Yudnamutana_Subgroup,Heysen_Supergroup
319015.7712182532,6426184.279274583,237.9059608210079,22.002773969929137,-0.37465148249844304,-0.9271657169361468,Yudnamutana_Subgroup,Heysen_Supergroup
321778.282118706,6428086.667683052,235.929917935985,41.046149080442085,0.6566666995117109,0.7541809104932293,Yudnamutana_Subgroup,Heysen_Supergroup
327278.3844805555,6432864.144644305,220.69011401996286,24.00668352563642,0.40684320495474063,0.9134980057899168,Yudnamutana_Subgroup,Heysen_Supergroup
319179.99410254543,6425047.214612711,248.0,55.326029593972706,0.8224025810736221,0.5689059629178135,Yudnamutana_Subgroup,Heysen_Supergroup
284869.74050992855,6440635.848894278,618.777878375947,21.72919619871916,0.37022016714446304,0.9289440391323505,Wilpena_Group,Heysen_Supergroup
279009.8159800016,6429298.740574764,514.9931027844804,30.25877312593097,0.503906241574181,0.8637583572403703,Wilpena_Group,Heysen_Supergroup
277825.77983199246,6427625.584814017,492.3934187944293,31.00794466154746,0.515156925206602,0.8570958770240815,Wilpena_Group,Heysen_Supergroup
274776.23424801073,6424086.085088,520.5461159277152,44.30092289177978,0.6984268133612518,0.7156814838865451,Wilpena_Group,Heysen_Supergroup
272860.9864609174,6421882.885238472,481.36374014390873,47.17540533698738,0.7334381414003561,0.6797562009567778,Wilpena_Group,Heysen_Supergroup
271373.6645868341,6420919.894231901,508.6121455050078,54.57462805751096,0.8148711962488329,0.5796420736316474,Wilpena_Group,Heysen_Supergroup
270013.63302732445,6420590.930053597,459.23925674871555,97.90664344833851,0.9904935198783357,-0.13755939473196646,Wilpena_Group,Heysen_Supergroup
268113.30529166595,6422061.474338074,445.9810273074479,141.99149689378547,0.6157784150149344,-0.7879193763334514,Wilpena_Group,Heysen_Supergroup
267086.8020904668,6423539.495095766,476.6183531894185,18.10692207463609,-0.3107912620140467,-0.9504781909416523,Wilpena_Group,Heysen_Supergroup
271256.13489727926,6430359.594869488,511.23452805566416,41.44172803560673,-0.6618579894924673,-0.7496292428560861,Wilpena_Group,Heysen_Supergroup
281815.19616710785,6446357.424635853,571.1102810814476,25.272547319593855,-0.42692463254157775,-0.9042872099776923,Wilpena_Group,Heysen_Supergroup
283806.0201472591,6450680.001163886,684.821411419201,27.89666104381473,-0.46787831133548435,-0.8837928975624638,Wilpena_Group,Heysen_Supergroup
285170.12275709846,6452955.344316443,664.3968199857643,36.55795300439624,-0.5956355600313101,-0.8032548036745174,Wilpena_Group,Heysen_Supergroup
285689.5380498822,6454366.354988108,680.255033930471,23.131790789456346,-0.39284742277343404,-0.9196036659454283,Wilpena_Group,Heysen_Supergroup
335345.3090489288,6434590.704801147,223.58084751503844,97.13580706254724,0.9922544992225821,-0.12422161153576654,Burra_Group,Warrina_Supergroup
336139.0168994366,6430580.301988868,239.6874135995634,138.42845328500366,0.6635547716466489,-0.7481277063609952,Burra_Group,Warrina_Supergroup
335937.2300674914,6431347.385521531,234.01381568464737,17.338092733935753,-0.2980095749427098,-0.9545628807168575,Burra_Group,Warrina_Supergroup
336572.47283177206,6432085.028176884,233.40628946897266,46.3392624816876,-0.7234404099162467,-0.6903868287418389,Burra_Group,Warrina_Supergroup
326439.9446685023,6419938.461969122,272.2727090712311,177.34701365159057,0.04628680283515112,-0.9989281915549786,Burra_Group,Warrina_Supergroup
320395.5790044255,6419928.718766252,246.07337075396168,130.15765064084755,0.7642729008063058,-0.644892962508597,Burra_Group,Warrina_Supergroup
319598.36945397547,6420466.599911511,248.75311566627946,77.12905355538769,0.9748742745797226,0.22275580522774133,Burra_Group,Warrina_Supergroup
318779.7472297188,6424023.7604352385,238.07942217547202,27.665218682416224,-0.46430448322735735,-0.885675644271071,Burra_Group,Warrina_Supergroup
319117.4128380838,6424951.6169453235,246.79844710444502,167.59814064690318,0.2147670218601439,-0.9766653092648087,Burra_Group,Warrina_Supergroup
327041.6499663056,6421386.294349993,265.3944848459882,178.68824975799708,0.02289236071932407,-0.9997379355714658,Burra_Group,Warrina_Supergroup
326196.9731836774,6421793.947134993,262.0479234824708,82.19461032837813,0.9907350696613481,0.1358087690214578,Burra_Group,Warrina_Supergroup
324011.01260823256,6421135.999874648,261.2965328432032,84.8928412089561,0.9960299507849599,0.08901874599942566,Burra_Group,Warrina_Supergroup
322094.0757640423,6421505.288581785,256.39369064906197,107.33525549208606,0.9545776367457901,-0.2979623053757346,Burra_Group,Warrina_Supergroup
320898.07749202003,6421303.743486321,240.24709415180538,47.54074794496865,0.7377576204820158,0.6750656956331835,Burra_Group,Warrina_Supergroup
320931.77584216127,6420370.839716065,244.0358507253626,160.62850427448595,-0.33169184371274407,0.9433877892014718,Burra_Group,Warrina_Supergroup
321134.56165268674,6425470.845867585,235.28761042902906,143.35132174375434,-0.5969067300938218,0.8023106353331616,Burra_Group,Warrina_Supergroup
322159.6156141304,6424918.108044238,234.52166020652083,90.17189291514448,-0.9999954997113804,0.0030000928296866998,Burra_Group,Warrina_Supergroup
323440.8933295563,6425181.96704337,237.9829398328518,71.33368535262383,-0.9473986089231898,-0.3200560510448204,Burra_Group,Warrina_Supergroup
324676.74755612796,6425885.137898367,234.44414162504535,51.360669277181216,-0.7810920257906312,-0.6244159248820358,Burra_Group,Warrina_Supergroup
325875.7877860867,6426194.982802017,229.0259383113659,102.23909935952292,-0.9772714560172587,0.21199174807974766,Burra_Group,Warrina_Supergroup
326441.3723333797,6425405.027149448,231.7647994605191,171.99519231551838,-0.1392561937880107,0.9902563872511382,Burra_Group,Warrina_Supergroup
326479.7536680906,6423810.9700162485,241.0,152.6155757432746,-0.4599584169421314,0.8879404567222334,Burra_Group,Warrina_Supergroup
328250.97377291607,6424069.003083043,242.18938880332777,70.32811102926351,-0.9416358205433335,-0.3366333041600057,Burra_Group,Warrina_Supergroup
330494.0241596211,6425312.2804648,252.33138721113616,37.485874890051576,-0.6085658253696095,-0.7935033939386812,Burra_Group,Warrina_Supergroup
330474.70499161666,6425899.423852442,246.38815535549006,131.58904889080696,0.7479249749890441,-0.6637832716991577,Burra_Group,Warrina_Supergroup
329100.6783102986,6426386.876955913,232.66935175033424,125.7356433881674,0.8117203520099492,-0.5840462910873112,Burra_Group,Warrina_Supergroup
328852.70504079235,6427287.950598584,225.42963413757133,29.639190807716886,-0.494536493024655,-0.8691568656271866,Burra_Group,Warrina_Supergroup
330202.92101106304,6428204.624084981,226.7625386410368,60.01788780869073,-0.8661814621551546,-0.49972960150341156,Burra_Group,Warrina_Supergroup
331204.09468251234,6428315.077365533,227.42685310108686,120.28372424440147,-0.8635388346733112,0.5042823425533156,Burra_Group,Warrina_Supergroup
331689.91360303597,6427688.913314509,233.76115386569097,168.44035512405028,-0.2003879273029234,0.9797166317824958,Burra_Group,Warrina_Supergroup
331627.4998883876,6426874.309206303,236.74684009643715,163.00232459753016,-0.29233290539965673,0.956316617245876,Burra_Group,Warrina_Supergroup
332512.66042842553,6426268.72765859,247.73875265077493,98.2860662645007,-0.9895608657290014,0.1441155543918478,Burra_Group,Warrina_Supergroup
335330.03991024883,6426894.287760643,259.5892522311529,62.621864575667715,-0.8879909367916646,-0.459860953088933,Burra_Group,Warrina_Supergroup
304412.77811719297,6423354.421875181,351.9356713014097,65.8609200251157,0.9125554532321787,0.4089529860218813,Burra_Group,Warrina_Supergroup
303076.04329984856,6422144.878228044,358.81102330440115,20.668539694013685,0.3529611513703377,0.9356379778650102,Burra_Group,Warrina_Supergroup
301884.58882383205,6419800.308924314,375.10066745083384,41.36332110199395,0.6608315330935395,0.750534266285852,Burra_Group,Warrina_Supergroup
300207.2458920367,6417340.968413092,450.97120674995585,28.395562332598423,0.4755560771840643,0.879685408230297,Burra_Group,Warrina_Supergroup
300061.3231886602,6416063.480447575,433.1491606039838,136.78096474103108,-0.6847892518932349,0.7287411615186176,Burra_Group,Warrina_Supergroup
301912.7559126576,6416574.323290564,358.1024916193434,58.13902636675384,-0.8493314304060287,-0.5278599448001801,Burra_Group,Warrina_Supergroup
302890.4924257875,6417287.574756698,343.94890448714335,51.16110862267749,-0.7789124576710018,-0.6271326680096643,Burra_Group,Warrina_Supergroup
304276.8171985931,6417602.203869773,333.87723634388146,111.6127973114656,-0.9296942401561693,0.3683322139325353,Burra_Group,Warrina_Supergroup
304752.6867979289,6416717.870852752,333.8993229957712,16.219607197112712,0.27931971193985494,0.9601981558625472,Burra_Group,Warrina_Supergroup
300782.1675795198,6411577.395880971,362.1726902913059,168.143629106103,0.20545901893128513,-0.9786657200187374,Burra_Group,Warrina_Supergroup
301183.3539413658,6412727.686052826,362.9893997092671,34.727542639284394,-0.5696746702889129,-0.8218702878381833,Burra_Group,Warrina_Supergroup
301411.38558826566,6413749.302955605,370.3401681395805,156.77689733058608,0.3943124891455104,-0.9189764202110258,Burra_Group,Warrina_Supergroup
300705.5904574552,6414438.696690399,401.9825321724892,137.92614628204188,0.6700879568668296,-0.7422817053262448,Burra_Group,Warrina_Supergroup
299895.9476984764,6414527.258039316,430.7725079217083,54.68924635625976,0.8160291196369207,0.5780107922042563,Burra_Group,Warrina_Supergroup
298025.747507641,6412368.078019127,482.92799450655554,50.19328187202041,0.768208463239927,0.6401997789803977,Burra_Group,Warrina_Supergroup
296943.5288217864,6410958.55763421,491.6571600649838,20.118473194506993,0.34396245767204037,0.9389834011909955,Burra_Group,Warrina_Supergroup
297158.04989014915,6410138.172393898,423.9606922016328,101.01761124855061,-0.9815684873008798,0.1911107132995496,Burra_Group,Warrina_Supergroup
298198.29203683697,6409430.169215187,392.0828648039047,161.3186599346116,-0.32030448870499234,0.9473146438831364,Burra_Group,Warrina_Supergroup
315816.95658878307,6456492.940087633,297.8676621242705,160.60737735119534,0.3320396806598424,-0.9432654188865984,Umberatana_Group,Heysen_Supergroup
315481.82889640174,6458284.186564514,321.01940746446553,24.47201001749349,-0.41424866132005844,-0.9101637471326461,Umberatana_Group,Heysen_Supergroup
313084.6570359543,6443868.098949449,296.06677795447615,33.919350397741596,-0.5580253956813896,-0.8298238715381888,Umberatana_Group,Heysen_Supergroup
314126.12824275705,6444260.78666595,291.80624,101.85190712010966,-0.9786817238573923,0.20538277285966033,Umberatana_Group,Heysen_Supergroup
315377.0536415813,6444023.585567348,292.48327168869747,52.88899611682227,-0.7974680656145784,-0.603361155797208,Umberatana_Group,Heysen_Supergroup
315734.46189493407,6445167.379352381,288.14958779953264,168.91961400988797,0.1921860302642616,-0.9813585123548194,Umberatana_Group,Heysen_Supergroup
315286.4044852577,6445853.029668669,284.2046621361402,101.61518255250938,0.9795219324688524,-0.201337487350182,Umberatana_Group,Heysen_Supergroup
313090.7530747972,6445515.681935377,292.63143486265807,80.88227646133754,0.9873648358259236,0.1584635004486739,Umberatana_Group,Heysen_Supergroup
311665.2122076064,6445430.856547425,300.177236314387,118.59961424656848,0.877986198281187,-0.4786859467623301,Umberatana_Group,Heysen_Supergroup
311805.9353305802,6446211.960873291,298.23717557067937,75.0153075565518,-0.9659949397908538,-0.2585609721099932,Umberatana_Group,Heysen_Supergroup
313124.27721162856,6446493.925139653,289.31990295418115,71.84548564832389,-0.9502197068179318,-0.3115806617472334,Umberatana_Group,Heysen_Supergroup
314740.08284242457,6446904.888332216,286.3968944700964,59.283028043774095,-0.8597010026308075,-0.5107975979540077,Umberatana_Group,Heysen_Supergroup
315779.54235203774,6447977.331532178,277.11391991542604,29.894614921144267,-0.49840626021842244,-0.8669435966515274,Umberatana_Group,Heysen_Supergroup
315550.29452915734,6450718.242719536,276.7853535772778,67.80116417115188,-0.9258782618221115,-0.3778219743282088,Umberatana_Group,Heysen_Supergroup
318217.2075655121,6453083.8694609,289.1094549546072,95.17855363136746,0.9959182535076039,-0.09025980462179113,Umberatana_Group,Heysen_Supergroup
316711.17657460185,6456165.188716654,295.14570531047286,141.62613441088325,0.6207902483876352,-0.7839767008698779,Umberatana_Group,Heysen_Supergroup
330375.7516182717,6457922.113222457,219.13545667559777,56.8363348197642,0.8371113890976534,0.547032469093926,Umberatana_Group,Heysen_Supergroup
328454.6247676524,6457248.125010496,226.48699128486425,80.25244898998189,0.9855632966532238,0.16930737813228788,Umberatana_Group,Heysen_Supergroup
326074.5398195478,6456858.463177046,243.88257377852227,76.05175254811546,0.970513846954589,0.2410453751255242,Umberatana_Group,Heysen_Supergroup
324122.8707438295,6455686.583586884,244.38592832941498,12.510912224350806,0.21662554972914402,0.9762547675707126,Umberatana_Group,Heysen_Supergroup
323995.072003993,6454849.009097216,246.20718721136316,141.75940636969125,-0.6189650138205465,0.7854185582644012,Umberatana_Group,Heysen_Supergroup
324779.8763931332,6454485.49302916,237.38580183259435,73.59523028981738,-0.959290467095243,-0.2824213160159669,Umberatana_Group,Heysen_Supergroup
325839.0794855126,6453893.447707422,228.35160706802833,140.7467962049905,-0.6327486291098692,0.7743572640322948,Umberatana_Group,Heysen_Supergroup
326615.32133405143,6452400.535764548,231.41786049374002,168.4403149180456,-0.2003886147966444,0.9797164911646032,Umberatana_Group,Heysen_Supergroup
327618.6703424351,6450531.518597785,217.23912683522747,138.83864588298678,-0.6581818080463079,0.7528590223653383,Umberatana_Group,Heysen_Supergroup
325662.27897315804,6448562.698481534,219.87868610406667,16.727253460053934,0.28781608767246225,0.9576856998394189,Umberatana_Group,Heysen_Supergroup
321723.15347476176,6444320.092690405,236.78742692307986,170.81462792514628,-0.15962916120915505,0.9871770514409569,Umberatana_Group,Heysen_Supergroup
263794.251486955,6423998.647872027,394.7707514366889,34.37671268941196,-0.5646315974383682,-0.8253430554467619,Umberatana_Group,Heysen_Supergroup
265555.48245616944,6428918.817313095,414.2658734219309,21.604414981762147,-0.3681961964190122,-0.9297481169341363,Umberatana_Group,Heysen_Supergroup
272818.4525580675,6435066.099266595,514.10733212627,96.34017801176638,-0.9938837611446925,0.1104312878349246,Umberatana_Group,Heysen_Supergroup
276905.89415718167,6441353.509606567,493.1416048562955,23.198602955931506,-0.39391949817959987,-0.9191449444749898,Umberatana_Group,Heysen_Supergroup
270291.89612468146,6405350.028765149,475.6661440694451,141.04658721239048,0.6286882855154684,-0.7776574050670519,Umberatana_Group,Heysen_Supergroup
268820.1219525446,6407361.227726314,445.7147658819347,133.94126660464724,0.7200515104023741,-0.6939206167619316,Umberatana_Group,Heysen_Supergroup
293439.02318383777,6456300.714976449,513.5743840749291,38.23381822598212,0.6188721313029858,0.78549174731279,Umberatana_Group,Heysen_Supergroup
268636.8035560144,6411816.564031039,441.69595914336423,64.56256779452345,-0.9030548702459723,-0.4295252045282444,Umberatana_Group,Heysen_Supergroup
269922.1228342067,6416127.94508328,428.2210875491901,132.3231418156101,0.7393592043111716,-0.6733111962535236,Umberatana_Group,Heysen_Supergroup
266580.7392657538,6415818.135690793,419.2881638351321,108.87265384768983,0.946239850497663,-0.3234658333273555,Umberatana_Group,Heysen_Supergroup
265156.7250403359,6419509.831599155,398.7730908235196,154.4521495054934,0.4312647394925477,-0.902225428853801,Umberatana_Group,Heysen_Supergroup
292042.9070331763,6452722.199224183,601.3505761159308,4.563489141426497,0.07956372600430302,0.9968297816098355,Umberatana_Group,Heysen_Supergroup
286271.2908710125,6435978.339101621,557.0207428749208,15.675232216987856,0.2701842689319581,0.9628086314640638,Umberatana_Group,Heysen_Supergroup
278600.0339419103,6457702.497622278,556.1173435857019,0.12202743076147751,0.002129778834436058,0.9999977320184862,Umberatana_Group,Heysen_Supergroup
279965.0494220134,6457228.314984502,550.3353109190406,28.579670958943694,-0.47838031181775836,-0.8781527641960392,Umberatana_Group,Heysen_Supergroup
277444.76934405876,6448939.996334916,522.4001180568641,58.37153330854558,-0.8514664931865258,-0.5244090111550718,Umberatana_Group,Heysen_Supergroup
279880.1660629199,6450672.903014448,583.4012103984782,12.573943345160444,-0.217699396875265,-0.9760158669817546,Umberatana_Group,Heysen_Supergroup
277493.6620918523,6452664.9090347625,592.9943782734922,21.506310880095043,-0.3666037059359859,-0.9303771938273214,Umberatana_Group,Heysen_Supergroup
277064.68303804763,6455838.365885585,561.3954105649053,178.70500071709762,0.02260007697296175,-0.9997445856421608,Umberatana_Group,Heysen_Supergroup
265001.66153577075,6420582.177548726,414.8774685133977,15.929930582827268,-0.274461582655968,-0.9615980655377699,Umberatana_Group,Heysen_Supergroup
285618.69136779575,6432123.956658138,502.71733278754374,60.43635999500163,0.8698082107160833,0.49338998426284025,Umberatana_Group,Heysen_Supergroup
284824.90283099865,6432048.812311878,505.0992628054396,56.83637315313365,0.8371117550859896,0.5470319090298613,Umberatana_Group,Heysen_Supergroup
284204.11968359246,6431108.7640634235,499.97932904643983,16.5488884997772,0.2848333688110208,0.9585770454229359,Umberatana_Group,Heysen_Supergroup
283174.36026893515,6429619.686341814,490.7984034461115,36.181590382391356,0.5903463539774948,0.8071500370720913,Umberatana_Group,Heysen_Supergroup
281941.85186117946,6427482.551878698,471.0728424210613,50.419582071945776,0.7707310512064124,0.6371606129589764,Umberatana_Group,Heysen_Supergroup
280387.31562110095,6427428.21041283,476.5866808480638,92.9362876875065,0.998687114369948,-0.051225458430612984,Umberatana_Group,Heysen_Supergroup
279449.3065226123,6427006.699538472,479.7967707732303,19.08664113656884,0.3269975694355873,0.9450251793382113,Umberatana_Group,Heysen_Supergroup
279706.71766172163,6425842.250557426,470.42892543526034,139.71501335581468,-0.6465899134260833,0.7628377834478639,Umberatana_Group,Heysen_Supergroup
280119.741026317,6425475.691760837,465.2739957150165,94.7264686054323,-0.9965994278058165,0.08239891077629002,Umberatana_Group,Heysen_Supergroup
281706.2718314171,6425420.63834004,459.80238455795546,114.35390590626004,-0.9110157059803548,0.4123716569517307,Umberatana_Group,Heysen_Supergroup
266418.36291608436,6430702.0695234975,429.5950062673892,31.61739986326606,-0.5242445384156389,-0.8515677682612077,Umberatana_Group,Heysen_Supergroup
318228.90139300603,6406704.707790876,311.15986486819395,46.987832060659116,-0.7312088487236493,-0.6821536627096826,Umberatana_Group,Heysen_Supergroup
320962.9848727159,6409567.184882024,287.84856433477825,51.040393626628855,-0.7775894402855852,-0.6287723454131474,Umberatana_Group,Heysen_Supergroup
323640.99149395595,6411774.4329029005,264.6991233256994,51.703110823694345,-0.7848100197309588,-0.6197364221424236,Umberatana_Group,Heysen_Supergroup
326423.79079833167,6413930.677178076,292.10621178567453,54.89380605843036,-0.8180875518890833,-0.5750936944917118,Umberatana_Group,Heysen_Supergroup
328999.28006436455,6415514.912356327,304.03354996902027,63.65280809956664,-0.8961211889562554,-0.4438094351223589,Umberatana_Group,Heysen_Supergroup
332275.12650131807,6417719.574759778,324.9163555754968,59.32725101890473,-0.8600949987571113,-0.5101338972397392,Umberatana_Group,Heysen_Supergroup
333954.10755497485,6419091.465927669,328.788649418918,39.45119457684248,-0.6354207079447084,-0.7721661245580809,Umberatana_Group,Heysen_Supergroup
335679.7108653402,6421584.92211904,326.80007608720217,44.712933643022296,-0.7035551369620244,-0.7106406752039649,Umberatana_Group,Heysen_Supergroup
329938.8341634205,6405347.815284676,329.0871800538054,72.86113691323564,0.9555933506793665,0.2946885612598178,Umberatana_Group,Heysen_Supergroup
255548.4149415574,6405112.321807629,433.2982882111844,20.20322906544434,0.34535108987452023,0.9384735610140975,Wilpena_Group,Heysen_Supergroup
251752.63042888895,6406340.353392076,399.1794522659127,61.35086632450212,0.877572153124302,0.4794445912311208,Wilpena_Group,Heysen_Supergroup
261902.7766740725,6420769.223503788,397.5984704036381,174.6236542054736,-0.09369729375807657,0.9956007317908181,Wilpena_Group,Heysen_Supergroup
250808.79488524125,6407628.399568668,385.3287421768458,165.61420978238303,0.24844966364187596,-0.9686448082946807,Wilpena_Group,Heysen_Supergroup
256413.00067518078,6430941.734286198,369.59360007989073,169.79222178815587,0.17721834856230986,-0.9841715586892601,Wilpena_Group,Heysen_Supergroup
256424.69350947463,6433629.8702722825,392.6616494264104,11.95347730645338,-0.20711739177140667,-0.9783160971924205,Wilpena_Group,Heysen_Supergroup
257972.7932537409,6437119.317172235,428.14629293559534,46.170082092130485,-0.7213987160872924,-0.6925199581438835,Wilpena_Group,Heysen_Supergroup
262459.3982720982,6439630.538203001,446.6037999294225,82.45427852262534,-0.9913403870767384,-0.13131731397855606,Wilpena_Group,Heysen_Supergroup
264783.3773241965,6438993.803541921,525.8608984722542,139.18487369459945,-0.6536204308129016,0.7568225237292802,Wilpena_Group,Heysen_Supergroup
265266.0031398876,6436392.158367865,529.9364304680212,13.317395663416194,0.230345194977345,0.9731089821550559,Wilpena_Group,Heysen_Supergroup
263567.24032832676,6434098.773192732,451.277988837535,52.56322807159319,0.7940246484710912,0.6078855629313463,Wilpena_Group,Heysen_Supergroup
256063.09067888733,6425413.844189866,333.0,9.462335033567761,0.16439920810759984,0.9863938870317447,Wilpena_Group,Heysen_Supergroup
256182.87311582465,6423157.786242675,352.5309041922434,139.28130049074187,-0.6523457998873923,0.757921471769522,Wilpena_Group,Heysen_Supergroup
257176.12100314794,6422552.276262829,400.87307840434727,94.02768214733915,-0.9975302313664313,0.07023843328288312,Wilpena_Group,Heysen_Supergroup
258724.51569743565,6423080.066508671,402.4174862789765,80.88228897708615,-0.987364870440829,-0.15846328476768656,Wilpena_Group,Heysen_Supergroup
260846.0977581085,6422850.152975319,381.58101653649567,127.59998094810004,-0.7922898462396301,0.6101449004503628,Wilpena_Group,Heysen_Supergroup
256255.71144138798,6430502.917777127,358.73297355745115,159.36792755833304,0.3523655710252808,-0.9358624387996495,Yerelina_Subgroup,Heysen_Supergroup
255936.68757824914,6432429.098696556,361.56262237802105,3.3664371787707523,-0.05872161277414956,-0.998274397244166,Yerelina_Subgroup,Heysen_Supergroup
256445.39890894195,6435148.748045906,392.73610747168,19.707973165379997,-0.33722626830522595,-0.9414236261986055,Yerelina_Subgroup,Heysen_Supergroup
258416.03838793997,6438214.8492298275,415.8760795409989,54.26462923204937,-0.811723130963327,-0.5840424288175416,Yerelina_Subgroup,Heysen_Supergroup
262772.1679806334,6440256.217061822,453.4604824313408,86.3500474136283,-0.9979716060306221,-0.06366061228625484,Yerelina_Subgroup,Heysen_Supergroup
264620.05855982716,6439807.678426121,495.4464930794388,122.8466319436429,-0.8401254391532609,0.5423921519413243,Yerelina_Subgroup,Heysen_Supergroup
265623.0272822301,6438698.822367614,516.1160075785228,159.77152424470677,-0.3457645833186517,0.9383212951449408,Yerelina_Subgroup,Heysen_Supergroup
265608.726382631,6435677.025384886,532.3454018661832,17.650189857318882,0.30320474893760707,0.9529254326659997,Yerelina_Subgroup,Heysen_Supergroup
264789.430119116,6434386.381636143,511.58176038874103,45.9741500585287,0.7190263204897122,0.6949828418335418,Yerelina_Subgroup,Heysen_Supergroup
261916.97865216347,6432081.705208683,410.0023481871081,54.0831645020597,0.8098693088338391,0.5866103498993177,Yerelina_Subgroup,Heysen_Supergroup
258196.73659970268,6428882.137851408,359.603279172878,47.838104154877755,0.7412511554813992,0.6712277739318377,Yerelina_Subgroup,Heysen_Supergroup
257002.85408235743,6427041.970273759,330.9199744627258,5.0424087211887916e-05,8.800663441600981e-07,0.9999999999996126,Yerelina_Subgroup,Heysen_Supergroup
257362.99026844965,6423883.864455932,378.5607238752169,121.60756846015651,-0.8516577110304191,0.5240984098835132,Yerelina_Subgroup,Heysen_Supergroup
260698.573862432,6423755.2390701175,383.23531929092354,115.34626103888512,-0.9037372030893881,0.42808768698967525,Yerelina_Subgroup,Heysen_Supergroup
334415.6058145804,6434878.819500495,225.4884625572428,118.6763623244563,0.8773442077866308,-0.4798615853173175,Yudnamutana_Subgroup,Heysen_Supergroup
333785.20522484893,6435477.300576398,217.87324571781483,176.56768136678775,0.059869437816407675,-0.9982062163779323,Yudnamutana_Subgroup,Heysen_Supergroup
334151.924381151,6436306.832171253,215.1572054762607,46.965239035145004,-0.7309398032200105,-0.6824419419032598,Yudnamutana_Subgroup,Heysen_Supergroup
336307.84896020836,6436776.786758992,218.6404818398006,89.77530238133156,-0.9999923100923809,-0.003921703214612208,Yudnamutana_Subgroup,Heysen_Supergroup
305588.4451258069,6424302.246872618,343.25611095729954,116.4049097761951,0.8956736553796942,-0.4447119326696517,Umberatana_Group,Heysen_Supergroup
304313.1222469769,6424277.802836886,373.26095946515636,89.29349537394206,0.9999239762555496,0.012330519425027341,Umberatana_Group,Heysen_Supergroup
303856.36304759415,6424258.76147647,373.46055938512944,80.58303493234979,0.9865237581485938,0.1636180754329259,Umberatana_Group,Heysen_Supergroup
302819.04464785854,6424142.001008655,407.170382150857,76.00371252691441,0.9703113997662652,0.24185902398635284,Umberatana_Group,Heysen_Supergroup
301696.7640913052,6423787.346728427,430.4774645510317,66.9256894177429,0.919997315060373,0.3919246614870067,Umberatana_Group,Heysen_Supergroup
299302.0983750434,6421990.272629369,482.90752946333447,45.85990389861051,0.7176391159291627,0.6964151773822922,Umberatana_Group,Heysen_Supergroup
297101.79875368637,6418921.060960264,469.9430313708957,28.57355772949091,0.47828661372357,0.8782038004545646,Umberatana_Group,Heysen_Supergroup
295820.7525865954,6416056.006802676,542.7277049666766,23.47293513966294,0.3983158319389262,0.9172483295306681,Umberatana_Group,Heysen_Supergroup
292203.4279053784,6406539.872188358,452.3726023219882,8.58744963662171,0.14931875755510648,0.9887891123198107,Umberatana_Group,Heysen_Supergroup
319856.61571403913,6428138.753156168,237.73344760106352,2.7697903961362726,-0.048323135449257995,-0.99883175489186,Umberatana_Group,Heysen_Supergroup
319323.1385450101,6428692.479209435,235.34567892599472,101.85188954192557,0.9786817868682036,-0.20538247260284903,Umberatana_Group,Heysen_Supergroup
318095.3409929454,6429233.15302045,245.58848435383368,136.1246269556353,0.6930920559023298,-0.7208490840981083,Umberatana_Group,Heysen_Supergroup
317154.99785071553,6430016.708822396,253.29471953034664,117.81284340783463,0.8844764078774096,-0.4665849160745278,Umberatana_Group,Heysen_Supergroup
315568.53655697306,6430812.697364394,264.35770303732085,95.56908952035236,0.9952799001130495,-0.09704597070954722,Umberatana_Group,Heysen_Supergroup
313785.6568318375,6430325.013384604,284.5896371451284,45.389212075773074,0.7118938286255038,0.7022871042279801,Umberatana_Group,Heysen_Supergroup
311556.85856266663,6428685.088874023,285.67056997219913,70.64308298572547,0.9434721564943047,0.33145179124570473,Umberatana_Group,Heysen_Supergroup
310021.9599890853,6428250.32036777,304.424616801544,45.97415654295573,0.719026399144114,0.6949827604580199,Umberatana_Group,Heysen_Supergroup
309640.92042821384,6427235.498786364,297.4640429082048,37.9194086237988,0.6145524626557537,0.7888759539013397,Umberatana_Group,Heysen_Supergroup
308062.9992411826,6426457.914245199,309.4910242895603,71.84547850595277,0.9502196679769356,0.31158078019961705,Umberatana_Group,Heysen_Supergroup
307319.17918247334,6425873.060399055,316.1723060817216,26.312383152759022,0.44326493520673554,0.89639064989332,Umberatana_Group,Heysen_Supergroup
307012.2679637591,6424894.449423909,315.8112105721386,41.573290192385564,0.6635775364322821,0.7481075144272135,Umberatana_Group,Heysen_Supergroup
305828.1258551219,6424281.529188609,336.06306716992447,84.88052688950772,0.9960107953890046,0.08923281609678264,Umberatana_Group,Heysen_Supergroup
291242.1612178978,6410293.073205668,454.0,50.695754670757765,-0.7737932772636082,-0.6334382085583762,Umberatana_Group,Heysen_Supergroup
292423.94329980237,6412263.705805667,472.0124397493534,5.312070444426098,-0.09258035371910807,-0.995705216469837,Umberatana_Group,Heysen_Supergroup
292678.03658663586,6415872.182713078,478.3858971187177,11.82067229613304,-0.2048492135169727,-0.9787935429504414,Umberatana_Group,Heysen_Supergroup
292576.17214400857,6417570.581147202,470.7457140181492,123.99771404489245,0.829059882262295,-0.5591598265462475,Umberatana_Group,Heysen_Supergroup
291227.29709497106,6417903.712836147,471.65302765960917,103.52431641271376,0.9722707582764542,-0.2338580180377163,Umberatana_Group,Heysen_Supergroup
294666.7488520915,6405331.9210194005,414.34421369665546,23.974538523871942,0.40633063557658927,0.913726115743621,Umberatana_Group,Heysen_Supergroup
328213.2425457783,6437632.739269547,208.89119,99.46261447873279,-0.9863930852059135,0.1644040189835992,Umberatana_Group,Heysen_Supergroup
328336.3973391869,6435720.329498879,222.31508211334463,35.65707548132814,0.5829326556424117,0.8125204729640267,Umberatana_Group,Heysen_Supergroup
316236.56135934417,6436636.798535495,272.1563546806176,28.843876709362775,0.4824246023359574,0.8759374995175131,Umberatana_Group,Heysen_Supergroup
315321.34866957215,6434722.061927075,276.7041769088052,37.7574872945247,0.6123206004927024,0.7906095636989576,Umberatana_Group,Heysen_Supergroup
314234.31345279573,6433127.817159969,304.22737331911975,22.728261950299085,0.3863610502658403,0.9223476236416923,Umberatana_Group,Heysen_Supergroup
314630.2878085673,6432038.392498108,281.85611790187244,127.40606386085106,-0.794350334867007,0.6074599126664028,Umberatana_Group,Heysen_Supergroup
316722.0863725789,6431138.915168174,260.4935698707265,107.53915351924455,-0.9535112384208696,0.30135745918277773,Umberatana_Group,Heysen_Supergroup
319262.14307331375,6430822.604366407,238.95062045860215,86.59469894883271,-0.9982343365783258,-0.05939873126615866,Umberatana_Group,Heysen_Supergroup
320077.81228163117,6431640.690808633,235.40405617342876,176.56768311675714,0.05986940732846748,-0.9982062182065077,Umberatana_Group,Heysen_Supergroup
320217.9155292748,6434075.338621627,229.47836660362444,26.312402375171587,-0.44326523594074435,-0.8963905011803707,Umberatana_Group,Heysen_Supergroup
321351.8383028853,6436053.968830477,224.88493918075946,25.493730317855693,-0.43041232739529184,-0.9026323883099742,Umberatana_Group,Heysen_Supergroup
321888.10983701545,6437668.465407986,220.11332661584623,21.76759251770065,-0.37084260855654894,-0.9286957304084984,Umberatana_Group,Heysen_Supergroup
318948.5650548242,6412833.978669085,258.7520755351248,24.63958798817501,-0.4169089211124862,-0.908948266677935,Yudnamutana_Subgroup,Heysen_Supergroup
319061.9229224661,6414230.367449576,251.93860884675308,170.71356239701595,0.1613702194591691,-0.9868939417544824,Yudnamutana_Subgroup,Heysen_Supergroup
318473.72956884664,6416192.383913364,252.93989975880478,176.56770235726088,0.059869072120693825,-0.9982062383112055,Yudnamutana_Subgroup,Heysen_Supergroup
318749.85066312033,6417366.320483995,258.49572816599334,47.91665908435144,-0.7421707400863393,-0.6702108567903802,Yudnamutana_Subgroup,Heysen_Supergroup
320452.773530961,6417861.966589129,267.66575761461326,92.93629707019966,-0.9986871059813104,0.05122562197450398,Yudnamutana_Subgroup,Heysen_Supergroup
324306.1655805681,6417646.064354118,275.91988145724935,87.71829153330201,-0.9992071561694932,-0.03981280019885542,Yudnamutana_Subgroup,Heysen_Supergroup
325537.7772113689,6418631.9994795155,280.47026917656706,31.664999563234716,-0.5249518156438636,-0.8511319470283154,Yudnamutana_Subgroup,Heysen_Supergroup
315530.963613393,6407692.136012863,274.5578044840338,53.34761483692755,-0.8022720151440577,-0.5969586365207333,Yudnamutana_Subgroup,Heysen_Supergroup
317283.50177594565,6408950.745442757,282.0299556376281,41.573282458726794,-0.663577435454363,-0.7481076039954484,Yudnamutana_Subgroup,Heysen_Supergroup
317769.9500138749,6410328.34468812,273.17733191058284,176.56770395556742,0.059869044275020475,-0.9982062399812954,Yudnamutana_Subgroup,Heysen_Supergroup
326831.87596966623,6419327.5705242865,278.9529707593405,76.7312778210439,-0.9733043121357725,-0.2295184436552125,Yudnamutana_Subgroup,Heysen_Supergroup
321992.5237635955,6437987.349553292,218.68220234000893,15.000608521409333,-0.2588293038984348,-0.9659230773945987,Wilpena_Group,Heysen_Supergroup
322749.9157866422,6440201.151551254,215.58373520712672,38.06816302229757,-0.616598511524803,-0.787277762664104,Wilpena_Group,Heysen_Supergroup
323433.9971974159,6441676.02009208,212.52886634609268,170.22955375678222,0.16970119294055902,-0.9854955632140366,Wilpena_Group,Heysen_Supergroup
323764.47785959387,6442738.712586456,209.30273552126275,54.714085691871844,-0.816279626916884,-0.5776569662701494,Wilpena_Group,Heysen_Supergroup
324850.331856754,6439361.432924084,213.6634426200432,170.2601878750389,-0.16917425751506354,0.9855861558454576,Wilpena_Group,Heysen_Supergroup
274948.3763008613,6405532.286346618,546.383250891801,150.9607012723569,0.4854094009860852,-0.8742869743021051,Wilpena_Group,Heysen_Supergroup
273464.60013717314,6407119.799248903,520.9934193649852,173.84003311832242,0.10730470645394036,-0.9942261814963606,Wilpena_Group,Heysen_Supergroup
279147.748233733,6420282.522701565,481.201004009941,34.641031875865195,-0.568433081366478,-0.82272950111699,Wilpena_Group,Heysen_Supergroup
287054.71242228284,6419154.65130218,478.7499086047311,0.26661995793944016,-0.004653379323409523,-0.999989172971824,Wilpena_Group,Heysen_Supergroup
280430.3440197145,6414802.025003015,596.8640505249284,36.24992459610647,0.5913085870447045,0.8064453824576064,Wilpena_Group,Heysen_Supergroup
275496.95413343934,6405565.390727808,545.9600785037703,28.19163477971299,0.4724220889679265,0.8813724353842595,Wilpena_Group,Heysen_Supergroup
288067.52251347655,6414963.017366868,431.4422257246496,43.89759185018123,0.6933715427969429,0.7205802548220339,Wilpena_Group,Heysen_Supergroup
293414.390066491,6433081.859343566,481.55516754694776,57.05877082143887,-0.8392287870498057,-0.5437784870578385,Wilpena_Group,Heysen_Supergroup
307946.5116891755,6442518.483881889,331.2201376749316,62.49552369441139,-0.8869747557740073,-0.4618179106743696,Wilpena_Group,Heysen_Supergroup
309065.8243893604,6442283.838342985,321.33195625793974,178.03609049430094,-0.0342699755831593,0.9994126118743598,Wilpena_Group,Heysen_Supergroup
308943.0886722595,6440778.772971613,336.66162096947306,170.8589846165581,-0.1588648702850925,0.9873003357587299,Wilpena_Group,Heysen_Supergroup
309583.05574285134,6440126.801752968,348.5169541839073,99.24931940115202,-0.98699827590183,0.16073084136784407,Wilpena_Group,Heysen_Supergroup
311859.1084436181,6440554.792545519,328.10975990033484,72.05467191664897,-0.9513509488254599,-0.3081093509923017,Wilpena_Group,Heysen_Supergroup
312556.9334858762,6441429.466058034,315.3330059380087,11.309115640328116,-0.19610215553126698,-0.980583471508668,Wilpena_Group,Heysen_Supergroup
321027.7368309344,6440238.593300238,225.68539564108102,40.28051091570201,0.6465303214656688,0.7628882902663399,Wilpena_Group,Heysen_Supergroup
318986.09845632757,6438870.562452294,263.1297525381077,58.6312449682099,0.8538347912623081,0.5205440896120622,Wilpena_Group,Heysen_Supergroup
321566.74173672096,6443715.186245121,235.3706365651952,30.258773783350552,0.5039062514850621,0.8637583514584813,Wilpena_Group,Heysen_Supergroup
320152.4719893306,6442269.386624176,267.0857792335002,27.033279658947738,0.45450795502122654,0.8907426782311616,Wilpena_Group,Heysen_Supergroup
320452.1468123067,6441619.426419826,238.85944111600978,118.02392549326578,-0.8827514745907372,0.46984022189237784,Wilpena_Group,Heysen_Supergroup
321458.6993410185,6440951.109134229,230.1714120481788,4.160759323724153,0.07255514026093811,0.997364402624094,Wilpena_Group,Heysen_Supergroup
316542.1739203925,6437080.1559109995,263.67916936855255,73.14437373364824,0.9570384365614096,0.2899610852236773,Wilpena_Group,Heysen_Supergroup
309430.7980151627,6432711.841434652,365.55223883161455,90.14391349638453,0.9999968455215835,-0.002511761708864252,Wilpena_Group,Heysen_Supergroup
292234.2544820728,6420371.36692642,577.4305529712211,40.76199511912482,0.6529183376609407,0.7574283097073108,Wilpena_Group,Heysen_Supergroup
284787.59376546426,6425514.9501305055,463.2722758162456,122.8466244519361,-0.8401255100737125,0.5423920420907596,Wilpena_Group,Heysen_Supergroup
285118.1161157044,6423979.615939151,483.2787107494192,155.80404552965442,-0.4098586300136974,0.9121490576672735,Wilpena_Group,Heysen_Supergroup
286110.86491552443,6424283.545479692,473.32422265253956,57.332684234129204,-0.8418188237501381,-0.5397601948828146,Wilpena_Group,Heysen_Supergroup
287008.25906035583,6424375.103543632,469.7640382689712,125.76531133140054,-0.8114178221120966,0.5844665242414335,Wilpena_Group,Heysen_Supergroup
287833.29825969494,6424347.877553803,473.7587411391057,24.46433868074999,-0.4141267957066543,-0.9102192027625758,Wilpena_Group,Heysen_Supergroup
287687.90413481445,6425658.91026178,473.43017100645676,160.93149161161497,0.32669847512680694,-0.9451286189454953,Wilpena_Group,Heysen_Supergroup
288028.39320075593,6426448.721578077,478.8335807056359,68.88717804112595,-0.932872949435739,-0.3602055804829587,Wilpena_Group,Heysen_Supergroup
289638.4306525813,6426531.805308573,500.00000000000006,85.51348068772593,-0.9969357661826479,-0.0782245364691721,Wilpena_Group,Heysen_Supergroup
289847.32663533447,6427342.405930782,488.3441102702477,157.13560503591722,0.38855142730395414,-0.9214270390758348,Wilpena_Group,Heysen_Supergroup
289481.700794711,6428455.896278522,486.5087402259796,33.25947489109993,-0.5484315170297658,-0.8361954742334055,Wilpena_Group,Heysen_Supergroup
291228.15865885967,6429974.90049456,496.99256988984666,48.78294305590552,-0.7522187838137165,-0.6589134247211944,Wilpena_Group,Heysen_Supergroup
292554.61911115446,6431287.655381157,503.5065183894774,24.464328961310656,-0.4141266413005056,-0.910219273013466,Wilpena_Group,Heysen_Supergroup
292693.5073497335,6432364.387068432,497.84575910885894,12.511018367276819,-0.2166273582832326,-0.9762543662607753,Wilpena_Group,Heysen_Supergroup
299800.61672588566,6456707.95574341,373.1857763104341,8.245562256385433,0.14341596985700975,0.9896624978193188,Yudnamutana_Subgroup,Heysen_Supergroup
298579.46167249663,6457639.87944902,416.4895740643559,13.751056252113585,-0.23770379905174324,-0.9713376878904516,Yudnamutana_Subgroup,Heysen_Supergroup
253518.99349855777,6456097.013679754,487.987649568188,31.373076292840718,0.5206084845505657,0.8537955292773343,Pound_Subgroup,Wilpena_Group
251888.49617019325,6455173.96680876,387.96891007555223,40.15606137952224,-0.6448717629789336,-0.76429078845191,Pound_Subgroup,Wilpena_Group
259472.22059305073,6433459.434481263,462.2776572359275,35.971495110162294,-0.587382690230727,-0.8093093198631249,ABC_Range_Quartzite,Wilpena_Group
260840.6905217137,6435184.90410892,512.4847527270861,69.3893180512816,-0.9359939238120132,-0.3520161567130002,ABC_Range_Quartzite,Wilpena_Group
261272.08672272036,6434724.039665256,530.8309999077314,8.125793742260871,0.14134691216644066,0.9899601256722478,ABC_Range_Quartzite,Wilpena_Group
260178.5843038662,6432601.5366417635,509.9876725096777,37.70609118285999,0.611611152650201,0.7911585163252004,ABC_Range_Quartzite,Wilpena_Group
257404.08117197614,6430041.931637442,407.0534034282117,42.54478415436573,0.6761662799646403,0.7367490494318805,ABC_Range_Quartzite,Wilpena_Group
254460.85098246034,6426744.07543032,343.74574793039847,40.69148073466953,0.6519856702117675,0.7582312878261568,ABC_Range_Quartzite,Wilpena_Group
251533.06890690362,6437881.3492485965,364.9126336602406,21.860408909403787,-0.3723465634749664,-0.928093765019668,Yudnamutana_Subgroup,Heysen_Supergroup
293665.03764057916,6450612.388688933,533.0452454716532,8.002080555229043,-0.1392090600161838,-0.9902630143600286,Emeroo_Subgroup,Warrina_Supergroup
294191.34914987115,6454822.50106498,525.4722499688321,34.69520774121577,-0.5692107567411686,-0.8221916530895617,Emeroo_Subgroup,Warrina_Supergroup
295277.5062031732,6451227.167901099,452.31498247242195,13.779888419347378,0.23819256184218926,0.9712179484971718,Emeroo_Subgroup,Warrina_Supergroup
294259.14691314194,6455571.79840286,541.0160221726314,146.97612379221533,-0.5449884772051545,0.8384435340042923,Emeroo_Subgroup,Warrina_Supergroup
295155.4447181829,6455182.027826016,511.6790925192006,45.00001894058275,-0.7071070149387086,-0.7071065474343092,Emeroo_Subgroup,Warrina_Supergroup
295411.7228008687,6456665.08322775,477.97213955556913,174.9574539822067,0.0878954610488361,-0.9961297043693721,Emeroo_Subgroup,Warrina_Supergroup
